,Rank,Last Rank,Team (FPV),Conf,Rec,Pts,Last Week
0,1,N/A,Minnesota (32),Big Ten,3-0,345,W 26-0 H Michigan
1,2,N/A,Duke (1),Southern,5-0,187,W 19-6 H Georgia Tech
2,3,N/A,Army (1),Ind,3-0,178,W 32-0 A Harvard
3,4,N/A,Northwestern,Big Ten,3-0,145,W 14-13 H Ohio State
4,5,N/A,Purdue,Big Ten,3-0,120,W 35-7 A Chicago
5,6,N/A,USC (1),Pacific Coast,3-0-1,114,T 0-0 H Washington State
6,7,N/A,Notre Dame,Ind,3-0,98,W 27-0 H Wisconsin
7,8,N/A,Washington,Pacific Coast,3-1,90,W 19-7 H Oregon State
8,9,N/A,Pittsburgh,Ind,3-1,76,L 7-0 H Duquesne
9,10,N/A,Yale,Ind,3-0,61,W 12-7 A Navy
10,11,N/A,Duquesne,Ind,4-0,55,W 7-0 N Pittsburgh
11,12,N/A,St. Mary's,Ind,3-0-1,52,T 0-0 A San Francisco
12,13,N/A,LSU,SEC,3-0-1,43,W 13-0 H Mississippi
13,14,N/A,Texas A&M,Southwest,4-0,42,W 18-7 H TCU
14,15,N/A,Nebraska,Big 6,2-1,36,W 13-9 H Indiana
15,16,N/A,Fordham,Ind,3-0,34,
16,17,N/A,Holy Cross,Ind,4-0,29,W 13-7 H Manhattan
17,18,N/A,Tulane,SEC,3-0-1,27,W 28-6 A Colgate
18,19,N/A,SMU,Southwest,3-1,26,W 16-0 H Vanderbilt
19,20,N/A,Marquette,Ind,3-0,21,W 13-0 H Kansas State
20,1,1,Minnesota (44),Big Ten,4-0,440,W 33-0 H #5 Purdue
21,2,9,Pittsburgh,Ind,4-1,296,
22,3,4,Northwestern,Big Ten,4-0,258,
23,4,8,Washington,Pacific Coast,4-1,236,
24,5,16,Fordham,Ind,4-0,201,
25,6,3,Army,Ind,4-0,152,
26,7,6,USC,Pacific Coast,4-0-1,149,
27,8,13,LSU,SEC,4-0-1,106,
28,9,18,Tulane,SEC,4-0-1,103,W 21-7 H North Carolina
29,10,20,Marquette,Ind,4-0,92,W 13-7 H Michigan State
30,11,15,Nebraska,Big 6,3-1,82,
31,12,10,Yale,Ind,4-0,54,W 28-0 H Rutgers
32,13,2,Duke,Southern,5-1,43,
33,13,17,Holy Cross,Ind,5-0,43,W 7-0 H Carnegie Mellon
34,15,19,SMU,Southwest,3-1,34,
35,16,NR,Auburn,SEC,4-0-1,30,
36,17,NR,Princeton,Ind,3-1,15,W 7-0 H Navy
37,17,5,Purdue,Big Ten,3-1,15,L 33-0 A #1 Minnesota
38,19,NR,Santa Clara,Ind,4-0,14,
39,20,NR,Penn,Ind,3-1,11,
40,20,12,St. Mary's,Ind,3-1-1,11,
41,NR,11,Duquesne,Ind,,0,
42,NR,7,Notre Dame,Ind,,0,
43,NR,14,Texas A&M,Southwest,,0,
44,1,3,Northwestern (31),Big Ten,5-0,412,W 6-0 H #1 Minnesota
45,2,1,Minnesota (10),Big Ten,4-1,371,L 6-0 A #3 Northwestern
46,3,5,Fordham (2),Ind,4-0-1,227,
47,4,10,Marquette,Ind,5-0,212,W 20-6 N St. Mary's
48,5,2,Pittsburgh,Ind,4-1-1,191,
49,6,4,Washington,Pacific Coast,5-1,181,
50,7,8,LSU,SEC,5-0-1,168,
51,8,11,Nebraska,Big 6,4-1,165,
52,9,19,Santa Clara,Ind,5-0,145,
53,10,9,Tulane,SEC,5-0-1,93,W 22-13 H Louisiana Tech
54,11,7,USC,Pacific Coast,4-0-1,76,
55,12,15,SMU,Southwest,4-1,40,
56,13,NR,Notre Dame,Ind,4-1,17,
57,14,NR,Alabama,SEC,5-0-1,16,W 14-0 A Kentucky
58,15,13,Duke,Southern,6-1,10,
59,15,20,Penn,Ind,4-1,10,
60,17,NR,Washington State,Pacific Coast,5-0-1,8,W 14-13 A California
61,18,NR,Dartmouth,Ind,5-1,4,W 11-7 A Yale
62,18,NR,Tennessee,SEC,3-2-1,4,
63,20,16,Auburn,SEC,4-1-1,3,
64,NR,6,Army,Ind,,0,
65,NR,13,Holy Cross,Ind,,0,
66,NR,17,Princeton,Ind,,0,
67,NR,17,Purdue,Big Ten,,0,
68,NR,20,St. Mary's,Ind,,0,
69,NR,12,Yale,Ind,,0,
70,1,1,Northwestern (31),Big Ten,6-0,435,W 26-18 H Wisconsin
71,2,2,Minnesota (12),Big Ten,5-1,419,W 52-0 H Iowa
72,3,3,Fordham (3),Ind,5-0-1,348,
73,4,14,Alabama (1),SEC,6-0-1,252,W 34-7 H Tulane
74,5,5,Pittsburgh,Ind,5-1-1,203,
75,6,8,Nebraska,Big 6,5-1,201,
76,7,7,LSU,SEC,6-0-1,184,
77,8,4,Marquette,Ind,6-0,145,W 7-6 A Creighton
78,9,9,Santa Clara,Ind,5-0,118,
79,10,6,Washington,Pacific Coast,5-1-1,117,
80,11,15,Penn,Ind,5-1,38,
81,12,18,Dartmouth,Ind,6-1,24,W 20-13 H Columbia
82,13,15,Duke,Southern,7-1,13,
83,14,17,Washington State,Pacific Coast,5-1-1,10,L 16-6 H Oregon State
84,15,NR,Texas A&M,Southwest,6-1-1,9,
85,15,11,USC,Pacific Coast,4-1-1,9,
86,17,NR,Holy Cross,Ind,6-1,8,W 20-13 H Colgate
87,18,NR,TCU,Southwest,5-2-1,4,W 27-6 H Texas
88,19,12,SMU,Southwest,4-2,3,
89,19,NR,Temple,Ind,5-1-1,3,T 7-7 A Michigan State
90,NR,20,Auburn,SEC,,0,
91,NR,13,Notre Dame,Ind,,0,
92,NR,18,Tennessee,SEC,,0,
93,NR,10,Tulane,SEC,,0,
94,1,1,Northwestern (17),Big Ten,7-0,337,W 9-0 A Michigan
95,2,2,Minnesota (12),Big Ten,6-1,331,W 47-19 H Texas
96,3,3,Fordham (4),Ind,5-0-1,257,
97,4,5,Pittsburgh,Ind,6-1-1,240,
98,5,7,LSU (2),SEC,7-0-1,166,
99,6,10,Washington (2),Pacific Coast,6-1-1,165,
100,7,8,Marquette,Ind,7-0,154,W 33-0 H Mississippi
101,8,4,Alabama,SEC,7-0-1,150,W 20-16 A Georgia Tech
102,9,9,Santa Clara,Ind,6-0,143,
103,10,11,Penn,Ind,6-1,25,
104,11,NR,Notre Dame,Ind,5-2,19,
105,12,12,Dartmouth,Ind,7-1,10,W 20-6 A Cornell
106,13,6,Nebraska,Big 6,5-2,9,
107,14,15,Texas A&M,Southwest,7-1-1,8,
108,15,14,Washington State,Pacific Coast,6-1-1,7,W 32-7 A UCLA
109,16,13,Duke,Southern,8-1,6,
110,17,17,Holy Cross,Ind,7-1,5,W 32-0 A Brown
111,18,NR,Ohio State,Big Ten,4-3,4,
112,19,NR,Tennessee,SEC,5-2-1,3,
113,20,NR,Duquesne,Ind,6-2,2,W 13-0 N Carnegie Mellon
114,20,19,Temple,Ind,6-1-1,2,W 6-0 N Villanova
115,NR,19,SMU,Southwest,,0,
116,NR,18,TCU,Southwest,,0,
117,NR,15,USC,Pacific Coast,,0,
118,1,2,Minnesota (30),Big Ten,7-1,391,W 24-0 A Wisconsin
119,2,5,LSU (10),SEC,8-0-1,338,
120,3,8,Alabama,SEC,7-0-1,281,DNP
121,4,4,Pittsburgh,Ind,6-1-1,275,
122,5,9,Santa Clara (1),Ind,7-0,201,
123,6,6,Washington,Pacific Coast,6-1-1,191,
124,7,1,Northwestern,Big Ten,7-1,151,L 26-6 A #11 Notre Dame
125,8,3,Fordham,Ind,5-0-2,129,
126,9,11,Notre Dame (1),Ind,6-2,128,
127,10,13,Nebraska,Big 6,6-2,50,
128,11,16,Duke,Southern,8-1,44,
129,12,20,Duquesne,Ind,7-2,31,W 13-0 H Marquette
130,13,10,Penn,Ind,6-1,24,
131,14,12,Dartmouth,Ind,7-1-1,19,T 13-13 A Princeton
132,15,7,Marquette,Ind,7-1,15,L 13-0 A Duquesne
133,16,NR,Yale,Ind,7-1,14,W 14-13 H Harvard
134,17,19,Tennessee,SEC,5-2-1,10,
135,18,NR,TCU,Southwest,7-2-1,9,W 13-0 A Rice
136,19,NR,Tulane,SEC,6-2-1,7,W 53-6 H Sewanee
137,20,15,Washington State,Pacific Coast,6-1-1,6,DNP
138,NR,17,Holy Cross,Ind,,0,
139,NR,18,Ohio State,Big Ten,,0,
140,NR,20,Temple,Ind,,0,
141,NR,14,Texas A&M,Southwest,,0,
142,1,1,Minnesota (25),Big Ten,7-1,332,DNP
143,2,2,LSU (9),SEC,9-0-1,309,
144,3,4,Pittsburgh,Ind,7-1-1,227,
145,4,3,Alabama,SEC,8-0-1,218,W 14-6 H Vanderbilt
146,5,6,Washington,Pacific Coast,7-1-1,216,
147,6,5,Santa Clara (1),Ind,7-0,155,
148,7,7,Northwestern,Big Ten,7-1,130,
149,8,9,Notre Dame,Ind,6-2,107,
150,9,10,Nebraska,Big 6,7-2,69,
151,10,13,Penn,Ind,7-1,34,
152,11,11,Duke,Southern,9-1,33,
153,12,16,Yale,Ind,7-1,22,DNP
154,13,14,Dartmouth,Ind,7-1-1,13,DNP
155,14,12,Duquesne,Ind,7-2,12,DNP
156,15,8,Fordham,Ind,5-1-2,11,
157,16,18,TCU,Southwest,7-2-2,10,T 0-0 A SMU
158,17,17,Tennessee,SEC,6-2-1,8,
159,18,NR,Arkansas,Southwest,6-3,6,
160,18,NR,Navy,Ind,6-3,6,
161,20,15,Marquette,Ind,7-1,4,DNP
162,NR,19,Tulane,SEC,,0,
163,NR,20,Washington State,Pacific Coast,,0,
164,1,N/A,California (24),Pacific Coast,5-0,432,W 14-0 H UC Davis
165,2,N/A,Alabama (7),SEC,4-0,355,
166,3,N/A,Pittsburgh (8),Ind,3-0-1,347,T 0-0 A Fordham
167,4,N/A,Minnesota (5),Big Ten,3-1,291,
168,5,N/A,Yale (6),Ind,3-0,256,W 15-7 H Army
169,6,N/A,LSU (2),SEC,4-0,244,
170,7,N/A,Northwestern,Big Ten,3-0,165,
171,8,N/A,Nebraska,Big 6,2-0-1,153,
172,9,N/A,Fordham,Ind,2-0-1,103,
173,10,N/A,Duke,Southern,3-0-1,94,
174,11,N/A,USC,Pacific Coast,3-1,84,
175,12,N/A,Ohio State,Big Ten,2-1,63,
176,13,N/A,Texas A&M,Southwest,2-0-1,51,
177,14,N/A,Santa Clara,Ind,3-0,45,
178,15,N/A,Baylor,Southwest,4-0,41,
179,16,N/A,Wisconsin,Big Ten,4-0,36,
180,17,N/A,Syracuse,Ind,3-0,35,
181,18,N/A,Dartmouth,Ind,4-0,34,W 41-0 A Brown
182,19,N/A,Cornell,Ind,3-1,17,L 14-6 H Syracuse
183,20,N/A,Auburn,SEC,2-0-2,13,
184,20,N/A,Holy Cross,Ind,4-0,13,W 7-6 N Georgia
185,20,N/A,Vanderbilt,SEC,4-0,13,W 6-0 A SMU
186,1,1,California (48),Pacific Coast,6-0,556,W 20-6 H #11 USC
187,2,3,Pittsburgh (3),Ind,4-0-1,408,W 21-0 H #16 Wisconsin
188,3,2,Alabama,SEC,5-0,337,
189,4,4,Minnesota (2),Big Ten,3-1,321,
190,5,5,Yale (2),Ind,4-0,278,W 9-0 H Cornell
191,6,15,Baylor (1),Southwest,5-0,226,
192,7,20,Vanderbilt (1),SEC,5-0,167,W 7-6 H LSU
193,8,12,Ohio State,Big Ten,3-1,146,
194,9,18,Dartmouth,Ind,5-0,130,W 20-2 A Harvard
195,10,9,Fordham,Ind,3-0-1,122,
196,11,8,Nebraska,Big 6,3-0-1,121,
197,12,20,Auburn,SEC,3-0-2,85,
198,13,10,Duke,Southern,4-0-1,84,
199,14,14,Santa Clara,Ind,4-0,33,
200,15,NR,North Carolina,Southern,4-0-1,16,
201,16,NR,Villanova,Ind,3-0-1,13,W 21-0 H Bucknell
202,17,6,LSU,SEC,4-1,12,
203,18,NR,Detroit,Ind,5-0,9,W 14-0 A Boston College
204,18,20,Holy Cross,Ind,5-0,9,W 6-0 H McDaniel College
205,20,NR,Arkansas,Southwest,3-1-1,8,
206,NR,19,Cornell,Ind,,0,
207,NR,7,Northwestern,Big Ten,,0,
208,NR,17,Syracuse,Ind,,0,
209,NR,13,Texas A&M,Southwest,,0,
210,NR,11,USC,Pacific Coast,,0,
211,NR,16,Wisconsin,Big Ten,,0,
212,1,1,California (49),Pacific Coast,7-0,600,W 27-14 A UCLA
213,2,3,Alabama (6),SEC,6-0,503,
214,3,2,Pittsburgh (4),Ind,5-0-1,482,W 25-14 H Carnegie Mellon
215,4,6,Baylor (2),Southwest,6-0,331,
216,5,10,Fordham,Ind,4-0-1,281,
217,6,11,Nebraska,Big 6,4-0-1,191,
218,7,5,Yale,Ind,4-0-1,181,T 9-9 H Dartmouth
219,8,8,Ohio State,Big Ten,4-1,178,
220,9,9,Dartmouth,Ind,5-0-1,146,T 9-9 A Yale
221,10,14,Santa Clara,Ind,5-0,113,
222,11,13,Duke,Southern,5-0-1,107,
223,12,NR,Notre Dame,Ind,3-1-1,75,
224,13,16,Villanova,Ind,4-0-1,62,W 7-0 A Detroit Mercy
225,14,4,Minnesota,Big Ten,3-2,55,
226,15,NR,Tennessee,SEC,4-1-1,24,
227,16,20,Arkansas,Southwest,4-1-1,10,
228,16,NR,Duquesne,Ind,4-1,10,W 24-0 H Richmond
229,18,17,LSU,SEC,5-1,8,
230,19,NR,Northwestern,Big Ten,4-1,6,
231,19,NR,Tulane,SEC,4-1-1,6,W 14-7 H Mississippi
232,NR,12,Auburn,SEC,,0,
233,NR,18,Detroit,Ind,,0,
234,NR,18,Holy Cross,Ind,,0,
235,NR,15,North Carolina,Southern,,0,
236,NR,7,Vanderbilt,SEC,,0,
237,1,3,Pittsburgh (32),Ind,6-0-1,510,W 21-6 A #12 Notre Dame
238,2,1,California (9),Pacific Coast,7-0-1,449,T 0-0 H Washington
239,3,2,Alabama (13),SEC,7-0,422,
240,4,5,Fordham (2),Ind,5-0-1,388,
241,5,9,Dartmouth,Ind,6-0-1,253,W 33-9 A Princeton
242,6,7,Yale,Ind,5-0-1,215,W 19-0 H Brown
243,7,10,Santa Clara,Ind,6-0,166,
244,8,11,Duke,Southern,6-0-1,159,
245,9,13,Villanova,Ind,5-0-1,62,W 25-7 H Marquette
246,10,14,Minnesota,Big Ten,4-2,61,
247,11,6,Nebraska,Big 6,4-0-2,55,
248,12,18,LSU,SEC,6-1,52,
249,13,4,Baylor,Southwest,6-1,43,
250,14,NR,Auburn,SEC,4-1-2,30,
251,15,NR,Rice,Southwest,3-2-1,29,
252,16,NR,Colorado,RMAC,6-0,23,
253,17,NR,Indiana,Big Ten,4-2,13,W 10-0 A Ohio State
254,18,12,Notre Dame,Ind,3-2-1,12,
255,19,NR,Holy Cross,Ind,6-0-1,7,W 12-7 H Colgate
256,20,16,Arkansas,Southwest,4-2-1,6,
257,NR,16,Duquesne,Ind,,0,
258,NR,19,Northwestern,Big Ten,,0,
259,NR,8,Ohio State,Big Ten,,0,
260,NR,15,Tennessee,SEC,,0,
261,NR,19,Tulane,SEC,,0,
262,1,1,Pittsburgh (49),Ind,7-0-1,517,W 13-7 H #11 Nebraska
263,2,2,California (6),Pacific Coast,8-0-1,434,
264,3,3,Alabama (2),SEC,8-0,393,
265,4,4,Fordham (2),Ind,5-0-1,378,
266,5,6,Yale,Ind,6-0-1,260,W 26-0 H Princeton
267,6,7,Santa Clara,Ind,7-0,172,
268,7,10,Minnesota,Big Ten,5-2,143,
269,8,12,LSU,SEC,7-1,121,
270,9,5,Dartmouth,Ind,6-0-2,104,T 6-6 H Cornell
271,10,9,Villanova,Ind,6-0-1,78,W 12-0 A Boston
272,11,11,Nebraska,Big 6,4-1-2,55,
273,12,18,Notre Dame,Ind,4-2-1,35,
274,13,NR,Stanford,Pacific Coast,4-2-1,32,
275,14,19,Holy Cross,Ind,7-0-1,26,W 7-0 A Brown
276,15,15,Rice,Southwest,3-2-2,24,
277,16,16,Colorado,RMAC,7-0,21,
278,17,NR,North Carolina,Southern,6-1-1,19,
279,18,NR,Vanderbilt,SEC,7-1,18,W 13-7 A Tennessee
280,19,NR,Ohio State,Big Ten,5-2,16,
281,20,17,Indiana,Big Ten,5-2,15,W 3-0 A Iowa
282,NR,20,Arkansas,Southwest,,0,
283,NR,14,Auburn,SEC,,0,
284,NR,13,Baylor,Southwest,,0,
285,NR,8,Duke,Southern,,0,
286,1,1,Pittsburgh (38),Ind,8-0-1,468,W 28-7 H Penn State
287,2,2,California (10),Pacific Coast,9-0-1,425,
288,3,4,Fordham,Ind,6-0-1,336,
289,4,3,Alabama,SEC,8-0,320,
290,5,7,Minnesota,Big Ten,6-2,202,
291,6,9,Dartmouth,Ind,7-0-2,186,W 27-0 A Columbia
292,7,10,Villanova,Ind,7-0-1,141,W 33-0 N Temple
293,8,6,Santa Clara,Ind,7-0,126,
294,9,12,Notre Dame,Ind,5-2-1,101,
295,10,8,LSU,SEC,8-1,100,
296,11,11,Nebraska,Big 6,5-1-2,70,
297,12,18,Vanderbilt,SEC,7-1,27,DNP
298,13,NR,Washington,Pacific Coast,5-2-2,20,
299,14,NR,TCU,Southwest,3-4-2,16,W 7-2 H Rice
300,14,5,Yale,Ind,6-1-1,16,L 13-6 A Harvard
301,16,16,Colorado,RMAC,8-0,14,
302,17,14,Holy Cross,Ind,7-0-2,12,T 0-0 H Carnegie Mellon
303,18,NR,Duke,Southern,7-1-1,11,
304,18,17,North Carolina,Southern,6-1-1,11,
305,20,NR,Tulsa,MVC,6-1-1,8,DNP
306,NR,20,Indiana,Big Ten,,0,
307,NR,19,Ohio State,Big Ten,,0,
308,NR,15,Rice,Southwest,,0,
309,NR,13,Stanford,Pacific Coast,,0,
310,1,1,Pittsburgh (30),Ind,9-0-1,327,W 10-0 A #18 Duke
311,2,2,California,Pacific Coast,9-0-1,277,
312,3,3,Fordham (2),Ind,7-0-1,253,
313,4,4,Alabama (1),SEC,9-0,246,
314,5,5,Minnesota,Big Ten,6-2,104,
315,6,7,Villanova,Ind,8-0-1,103,W 25-0 A Loyola Marymount
316,7,6,Dartmouth,Ind,7-0-2,102,DNP
317,8,10,LSU,SEC,9-1,97,
318,9,9,Notre Dame,Ind,6-2-1,90,
319,9,8,Santa Clara,Ind,8-0,90,
320,11,11,Nebraska,Big 6,6-1-2,35,
321,12,14,Yale,Ind,6-1-1,18,DNP
322,13,NR,Ohio State,Big Ten,6-2,14,
323,14,NR,Arkansas,Southwest,6-2-2,9,
324,14,17,Holy Cross,Ind,8-0-2,9,W 20-0 A Boston College
325,16,14,TCU,Southwest,4-4-2,8,W 3-0 H SMU
326,17,16,Colorado,RMAC,8-0,7,
327,18,NR,Rice,Southwest,4-3-2,6,
328,19,18,North Carolina,Southern,7-1-1,5,
329,20,18,Duke,Southern,7-2-1,4,
330,NR,20,Tulsa,MVC,,0,
331,NR,12,Vanderbilt,SEC,,0,
332,NR,13,Washington,Pacific Coast,,0,
333,1,N/A,Pittsburgh (83),Ind,4-0,926,W 26-6 A Wisconsin
334,2,N/A,Minnesota (6),Big Ten,4-0,691,
335,3,N/A,California (1),Pacific Coast,5-0,517,
336,4,N/A,Dartmouth (1),Ind,4-0,515,W 34-13 H Brown
337,5,N/A,Notre Dame,Ind,3-0,500,
338,6,N/A,Santa Clara,Ind,3-0,496,
339,7,N/A,TCU (3),Southwest,4-0,453,W 34-6 A Texas A&M
340,8,N/A,Tennessee,SEC,4-0,419,
341,9,N/A,Duke,Southern,4-0,128,
342,10,N/A,Syracuse,Ind,3-0,82,
343,11,N/A,Fordham,Ind,2-0-1,77,
344,12,N/A,Michigan,Big Ten,2-1,48,L 7-6 A Minnesota
345,13,N/A,Carnegie Mellon,Ind,3-0,45,
346,14,N/A,Oklahoma,Big 6,3-0,40,W 19-0 A Kansas
347,15,N/A,Alabama,SEC,3-1,34,
348,16,N/A,Vanderbilt,SEC,4-0,32,W 13-7 H Mississippi
349,17,N/A,Baylor,Southwest,4-0,31,
350,18,N/A,Northwestern,Big Ten,2-0-1,23,
351,19,N/A,North Carolina,Southern,3-1,18,
352,20,N/A,Villanova,Ind,3-0,9,W 35-6 H Centre
353,1,1,Pittsburgh (90),Ind,5-0,989,W 34-7 H SMU
354,2,2,Minnesota (1),Big Ten,4-0,681,
355,3,3,California (3),Pacific Coast,6-0,620,
356,4,7,TCU (3),Southwest,5-0,572,W 21-0 A Marquette
357,5,6,Santa Clara (1),Ind,4-0,571,
358,6,4,Dartmouth,Ind,5-0,443,W 13-7 A Harvard
359,7,5,Notre Dame (1),Ind,4-0,437,
360,8,8,Tennessee,SEC,5-0,413,
361,9,11,Fordham (1),Ind,3-0-1,370,
362,10,14,Oklahoma,Big 6,4-0,116,W 14-0 H Nebraska
363,11,9,Duke,Southern,5-0,114,
364,12,18,Northwestern,Big Ten,3-0-1,55,
365,13,12,Michigan,Big Ten,3-1,36,W 15-13 A Yale
366,14,NR,Holy Cross,Ind,4-1,15,W 29-6 H Georgia
367,15,20,Villanova,Ind,4-0,14,W 13-6 H Detroit Mercy
368,16,13,Carnegie Mellon,Ind,3-1,13,
369,17,NR,Cornell,Ind,3-1,12,W 21-6 H Penn State
370,18,15,Alabama,SEC,4-1,11,
371,19,NR,USC,Pacific Coast,4-1,10,
372,20,NR,Ohio State,Big Ten,2-1-1,7,
373,NR,17,Baylor,Southwest,,0,
374,NR,19,North Carolina,Southern,,0,
375,NR,10,Syracuse,Ind,,0,
376,NR,16,Vanderbilt,SEC,,0,
377,1,1,Pittsburgh (105),Ind,6-0,1139,W 24-13 H #9 Fordham
378,2,4,TCU (8),Southwest,6-0,901,W 39-7 H Baylor
379,3,3,California,Pacific Coast,7-0,692,
380,4,7,Notre Dame,Ind,5-0,670,
381,5,6,Dartmouth,Ind,6-0,624,W 24-6 A Yale
382,6,8,Tennessee (1),SEC,6-0,610,
383,7,12,Northwestern,Big Ten,4-0-1,406,
384,8,5,Santa Clara,Ind,5-0,390,
385,9,11,Duke,Southern,6-0,274,
386,10,9,Fordham,Ind,3-1-1,149,
387,11,10,Oklahoma,Big 6,5-0,139,W 28-6 H Tulsa
388,12,2,Minnesota,Big Ten,4-1,125,
389,13,14,Holy Cross,Ind,5-1,42,W 21-0 H Colgate
390,13,19,USC,Pacific Coast,5-1,42,
391,15,18,Alabama,SEC,5-1,13,
392,16,17,Cornell,Ind,4-1,12,W 23-7 A Columbia
393,16,13,Michigan,Big Ten,4-1,12,W 14-0 H Illinois
394,18,NR,Iowa State,Big 6,6-0,11,W 7-0 A Marquette
395,19,16,Carnegie Mellon,Ind,4-1,7,
396,19,NR,Texas A&M,Southwest,3-2-1,7,
397,NR,20,Ohio State,Big Ten,,0,
398,NR,15,Villanova,Ind,,0,
399,1,2,TCU (48),Southwest,7-0,986,W 21-0 A Tulsa
400,2,4,Notre Dame (41),Ind,6-0,970,
401,3,1,Pittsburgh (14),Ind,6-1,790,L 20-10 H #19 Carnegie Mellon
402,4,6,Tennessee (6),SEC,7-0,667,
403,5,5,Dartmouth,Ind,7-0,648,W 44-6 H Dickinson
404,6,19,Carnegie Mellon,Ind,5-1,510,
405,7,9,Duke,Southern,6-0,389,
406,8,8,Santa Clara (1),Ind,6-0,379,
407,9,13,USC (2),Pacific Coast,6-1,289,
408,10,11,Oklahoma (1),Big 6,6-0,194,W 26-0 H Kansas State
409,11,13,Holy Cross,Ind,6-1,166,W 33-0 H Temple
410,12,12,Minnesota,Big Ten,5-1,163,
411,13,10,Fordham,Ind,4-1-1,86,
412,14,3,California,Pacific Coast,7-1,62,
413,15,NR,Wisconsin,Big Ten,4-2,32,
414,16,15,Alabama,SEC,6-1,31,
415,17,7,Northwestern,Big Ten,4-1-1,29,
416,18,16,Michigan (1),Big Ten,5-1,18,W 19-13 H Penn
417,19,NR,Villanova,Ind,5-0-1,17,W 25-12 H Auburn
418,20,16,Cornell,Ind,4-1,16,DNP
419,NR,18,Iowa State,Big 6,,0,
420,NR,19,Texas A&M,Southwest,,0,
421,1,2,Notre Dame (60),Ind,7-0,887,W 19-0 H #12 Minnesota
422,2,1,TCU (19),Southwest,8-0,786,W 28-6 H Texas
423,3,4,Tennessee (5),SEC,8-0,639,
424,4,7,Duke (5),Southern,7-0,586,
425,5,3,Pittsburgh (2),Ind,7-1,532,
426,6,6,Carnegie Mellon,Ind,6-1,407,
427,7,10,Oklahoma (1),Big 6,7-0,315,W 21-0 H Missouri
428,8,20,Cornell,Ind,5-1,194,W 14-7 H Dartmouth
429,9,14,California,Pacific Coast,8-1,138,
430,10,11,Holy Cross,Ind,7-1,130,W 14-12 H Brown
431,11,8,Santa Clara,Ind,6-1,79,
432,12,15,Wisconsin,Big Ten,5-2,52,
433,13,9,USC,Pacific Coast,6-2,40,
434,14,5,Dartmouth,Ind,7-1,38,L 14-7 A Cornell
435,15,19,Villanova,Ind,6-0-1,26,W 20-7 N Temple
436,16,17,Northwestern,Big Ten,4-1-2,23,
437,17,18,Michigan,Big Ten,5-1-1,19,T 0-0 H Northwestern
438,18,13,Fordham,Ind,4-1-2,18,
439,19,NR,Texas Tech,BIAA,8-0,17,
440,20,16,Alabama,SEC,6-1-1,16,
441,NR,12,Minnesota,Big Ten,,0,
442,1,1,Notre Dame (48),Ind,7-0,807,W 9-7 A #16 Northwestern
443,2,2,TCU (28),Southwest,9-0,746,W 29-7 A Rice
444,3,4,Duke (3),Southern,8-0,553,
445,4,5,Pittsburgh (2),Ind,8-1,523,
446,4,3,Tennessee (3),SEC,8-0,523,
447,6,7,Oklahoma,Big 6,8-0,351,W 10-0 A Iowa State
448,7,6,Carnegie Mellon,Ind,6-1,336,
449,8,NR,Minnesota,Big Ten,6-2,152,
450,9,9,California,Pacific Coast,9-1,151,
451,10,8,Cornell,Ind,5-1,147,DNP
452,11,10,Holy Cross,Ind,7-1,79,DNP
453,12,17,Michigan,Big Ten,6-1-1,52,W 18-0 A Ohio State
454,13,14,Dartmouth,Ind,7-1,38,DNP
455,14,13,USC,Pacific Coast,6-2,36,
456,15,16,Northwestern,Big Ten,4-2-2,35,
457,16,15,Villanova,Ind,7-0-1,33,W 39-6 A Boston
458,17,19,Texas Tech,BIAA,9-0,25,
459,18,18,Fordham,Ind,5-1-2,21,
460,19,11,Santa Clara,Ind,6-1,13,
461,20,NR,Georgetown,Ind,8-0,11,W 14-7 A Maryland
462,NR,20,Alabama,SEC,,0,
463,NR,12,Wisconsin,Big Ten,,0,
464,1,1,Notre Dame (48),Ind,8-0,823,DNP
465,2,2,TCU (23),Southwest,10-0,782,W 20-7 A SMU
466,3,3,Duke (15),Southern,9-0,733,
467,4,4,Tennessee (4),SEC,9-0,607,
468,5,6,Oklahoma,Big 6,9-0,363,W 19-0 A Oklahoma State
469,6,7,Carnegie Mellon,Ind,7-1,345,
470,7,4,Pittsburgh,Ind,8-2,251,
471,8,14,USC,Pacific Coast,7-2,194,
472,9,11,Holy Cross,Ind,8-1,189,W 29-7 A Boston College
473,10,8,Minnesota,Big Ten,6-2,177,
474,11,10,Cornell,Ind,5-1-1,52,T 0-0 A Penn
475,12,9,California,Pacific Coast,9-1,51,
476,13,18,Fordham,Ind,6-1-2,41,W 25-0 N New York
477,14,17,Texas Tech,BIAA,10-0,39,
478,15,16,Villanova,Ind,8-0-1,38,W 20-0 A Manhattan
479,16,12,Michigan,Big Ten,6-1-1,37,DNP
480,17,NR,Alabama,SEC,7-1-1,23,
481,18,NR,Tulane,SEC,7-2-1,17,W 14-0 A LSU
482,19,15,Northwestern,Big Ten,4-2-2,15,
483,20,13,Dartmouth,Ind,7-2,14,L 23-13 A Stanford
484,NR,20,Georgetown,Ind,,0,
485,NR,19,Santa Clara,Ind,,0,
486,1,2,TCU (55),Southwest,10-0,868,DNP
487,2,4,Tennessee (16),SEC,10-0,706,
488,3,3,Duke (1),Southern,9-0,679,
489,4,5,Oklahoma,Big 6,10-0,524,W 28-0 H Washington State
490,5,1,Notre Dame (4),Ind,8-1,490,L 13-0 A #8 USC
491,6,6,Carnegie Mellon,Ind,7-1,412,
492,7,8,USC (1),Pacific Coast,8-2,406,W 13-0 H #1 Notre Dame
493,8,7,Pittsburgh,Ind,8-2,290,
494,9,9,Holy Cross,Ind,8-1,149,DNP
495,10,10,Minnesota,Big Ten,6-2,111,
496,11,14,Texas Tech,BIAA,10-0,42,
497,12,11,Cornell,Ind,5-1-1,27,DNP
498,13,17,Alabama,SEC,7-1-1,25,
499,14,12,California,Pacific Coast,10-1,20,
500,15,13,Fordham,Ind,6-1-2,19,DNP
501,16,16,Michigan,Big Ten,6-1-1,16,DNP
502,17,19,Northwestern,Big Ten,4-2-2,15,
503,18,15,Villanova,Ind,8-0-1,13,DNP
504,19,18,Tulane,SEC,7-2-1,11,DNP
505,20,20,Dartmouth,Ind,7-2,10,DNP
506,1,N/A,Pittsburgh (25),Ind,3-0,793,W 14-13 H Duke
507,2,N/A,Notre Dame (16),Ind,3-0,694,
508,3,N/A,Oklahoma (10),Big 6,2-0-1,607,W 24-12 N Texas
509,4,N/A,Tulane (14),SEC,3-0,560,W 7-0 H Fordham
510,5,N/A,Tennessee (26.5),SEC,3-0,556,
511,6,N/A,Michigan (10),Big Ten,2-0,512,
512,7,N/A,USC,Pacific Coast,2-0-1,442.14,
513,8,N/A,Alabama (2.5),SEC,3-0,402.64,
514,9,N/A,Texas A&M (5),Southwest,4-0,383.14,W 33-7 N Villanova
515,10,N/A,Ohio State (11),Big Ten,2-0,352,
516,11,N/A,Oregon (2),Pacific Coast,2-0-1,209.14,
517,12,N/A,Cornell (1),Ind,2-0,186,W 20-7 A Princeton
518,13,N/A,Duke,Southern,2-1,131.14,
519,14,N/A,North Carolina,Southern,4-0,92,
520,15,N/A,Carnegie Mellon,Ind,3-0,79,
521,16,N/A,Nebraska,Big 6,2-0-1,65,
522,17,N/A,Mississippi,SEC,3-0,36,
523,18,N/A,SMU,Southwest,1-1-1,33,
524,19,N/A,Baylor,Southwest,3-0,30,
525,20,N/A,St. Mary's,Ind,2-0,29,
526,1,5,Tennessee (83),SEC,4-0,1077,W 21-0 H #8 Alabama
527,2,2,Notre Dame (12),Ind,4-0,841,
528,3,6,Michigan (8),Big Ten,3-0,721,
529,4,10,Ohio State (5),Big Ten,3-0,712,
530,5,9,Texas A&M (6),Southwest,5-0,658,W 20-6 A TCU
531,6,3,Oklahoma (2),Big 6,3-0-1,493,W 27-7 H Kansas
532,7,12,Cornell (1),Ind,3-0,438,W 47-0 H Penn State
533,8,7,USC,Pacific Coast,2-0-1,319,
534,9,4,Tulane (1),SEC,3-0-1,241,T 14-14 H North Carolina
535,10,16,Nebraska,Big 6,3-0-1,160,
536,11,NR,Duquesne,Ind,4-0,117,W 21-13 N Pittsburgh
537,12,13,Duke,Southern,3-1,114,
538,13,14,North Carolina,Southern,4-0-1,111,
539,14,17,Mississippi,SEC,4-0,84,
540,15,NR,Oregon State,Pacific Coast,4-0,67,
541,16,NR,Penn,Ind,3-0,63,
542,17,18,SMU,Southwest,2-1-1,49,
543,18,1,Pittsburgh,Ind,3-1,33,L 21-13 H Duquesne
544,19,NR,New York,Ind,3-1,25,W 6-0 H Carnegie Mellon
545,20,8,Alabama,SEC,3-1,17,
546,NR,19,Baylor,Southwest,,0,
547,NR,15,Carnegie Mellon,Ind,,0,
548,NR,11,Oregon,Pacific Coast,,0,
549,NR,20,St. Mary's,Ind,,0,
550,1,1,Tennessee (67),SEC,5-0,1120,W 17-0 H Mercer
551,2,3,Michigan (20),Big Ten,4-0,1005,
552,3,7,Cornell (18),Ind,4-0,933,W 23-14 A Ohio State
553,4,2,Notre Dame (12),Ind,5-0,858,
554,5,5,Texas A&M (6),Southwest,6-0,714,W 20-0 H Baylor
555,6,6,Oklahoma (2),Big 6,4-0-1,605.5,W 41-0 H Oklahoma State
556,7,8,USC (1),Pacific Coast,3-0-1,598,
557,8,9,Tulane (1),SEC,4-0-1,419,W 18-6 H Mississippi
558,9,13,North Carolina (1),Southern,5-0-1,314,
559,10,10,Nebraska,Big 6,4-0-1,180.5,
560,11,15,Oregon State,Pacific Coast,5-0,76,
561,12,12,Duke,Southern,4-1,46,
562,13,11,Duquesne,Ind,5-0,44,W 13-0 H Texas Tech
563,14,4,Ohio State,Big Ten,3-1,25,
564,15,NR,Kentucky,SEC,5-0,22,
565,16,17,SMU,Southwest,2-1-1,21,
566,17,19,New York,Ind,4-1,20,W 14-13 H Georgia
567,18,NR,LSU,SEC,4-1,17,
568,19,20,Alabama,SEC,4-1,14,
569,19,NR,UCLA,Pacific Coast,4-0-1,14,
570,NR,14,Mississippi,SEC,,0,
571,NR,16,Penn,Ind,,0,
572,NR,18,Pittsburgh,Ind,,0,
573,1,1,Tennessee (81),SEC,6-0,1017,W 20-0 A #18 LSU
574,2,5,Texas A&M (6),Southwest,7-0,787,W 27-0 A Arkansas
575,3,4,Notre Dame (11),Ind,6-0,785,
576,4,7,USC (5),Pacific Coast,4-0-1,718,
577,5,3,Cornell (1),Ind,5-0,655,W 13-7 H Columbia
578,6,6,Oklahoma (3),Big 6,5-0-1,582,W 38-6 H Iowa State
579,7,8,Tulane,SEC,4-0-1,378.5,DNP
580,8,9,North Carolina (1),Southern,6-0-1,360.5,
581,9,14,Ohio State,Big Ten,4-1,96,
582,10,2,Michigan,Big Ten,4-1,94,
583,11,19,UCLA,Pacific Coast,5-0-1,91,
584,12,13,Duquesne,Ind,6-0,74,W 21-13 H Marquette
585,13,16,SMU,Southwest,3-1-1,69,
586,14,NR,Dartmouth,Ind,5-0-1,62,W 33-0 A Yale
587,15,12,Duke,Southern,5-1,46,
588,16,NR,Santa Clara,Ind,3-1-2,29,
589,17,17,New York,Ind,5-1,24,W 14-0 H Lafayette
590,18,15,Kentucky,SEC,5-0-1,23,
591,19,NR,Mississippi,SEC,5-1,9,
592,20,19,Alabama,SEC,4-1-1,8,
593,NR,18,LSU,SEC,,0,
594,NR,10,Nebraska,Big 6,,0,
595,NR,11,Oregon State,Pacific Coast,,0,
596,1,1,Tennessee (66),SEC,7-0,1014,W 34-0 H Citadel
597,2,2,Texas A&M,Southwest,8-0,877,W 6-2 H #13 SMU
598,3,4,USC (10),Pacific Coast,5-0-1,846,
599,4,5,Cornell (3),Ind,6-0,645,W 14-12 H Colgate
600,5,6,Oklahoma (2),Big 6,6-0-1,631,W 13-10 A Kansas State
601,6,7,Tulane (2),SEC,5-0-1,615,W 13-0 H Alabama
602,7,8,North Carolina (1),Southern,7-0-1,457,
603,8,9,Ohio State,Big Ten,5-1,250,
604,9,3,Notre Dame,Ind,6-1,244,
605,10,12,Duquesne,Ind,7-0,129,W 7-0 A NC State
606,11,11,UCLA,Pacific Coast,5-0-1,85,
607,12,NR,Missouri,Big 6,6-1,55,
608,13,15,Duke,Southern,6-1,52,
609,14,16,Santa Clara,Ind,4-1-2,48,
610,15,NR,Iowa,Big Ten,5-1,37,
611,16,NR,Clemson (1),Southern,6-1,33,
612,17,13,SMU,Southwest,3-2-1,27,
613,18,NR,Holy Cross,Ind,6-1,15,W 14-0 H Temple
614,19,NR,Oregon State,Pacific Coast,6-1,10,
615,20,14,Dartmouth,Ind,5-1-1,6,L 9-7 A Princeton
616,20,NR,Minnesota,Big Ten,2-3-1,6,W 20-7 A #10 Michigan
617,NR,20,Alabama,SEC,,0,
618,NR,18,Kentucky,SEC,,0,
619,NR,10,Michigan,Big Ten,,0,
620,NR,19,Mississippi,SEC,,0,
621,NR,17,New York,Ind,,0,
622,1,2,Texas A&M (38),Southwest,9-0,963,W 19-0 A Rice
623,2,1,Tennessee (33),SEC,8-0,898,W 13-0 H Vanderbilt
624,3,4,Cornell (20),Ind,7-0,865,W 35-6 A Dartmouth
625,4,3,USC (11),Pacific Coast,5-0-1,764,
626,5,6,Tulane (3),SEC,6-0-1,659,W 25-0 A Columbia
627,6,8,Ohio State (1),Big Ten,6-1,420,
628,7,9,Notre Dame,Ind,7-1,314.5,
629,8,13,Duke (2),Southern,7-1,259,
630,9,15,Iowa (1),Big Ten,6-1,224,
631,10,12,Missouri,Big 6,7-1,202.5,
632,11,18,Holy Cross,Ind,7-1,133,W 21-0 H Carnegie Mellon
633,12,10,Duquesne,Ind,7-0,110,DNP
634,13,11,UCLA,Pacific Coast,5-0-2,62,
635,14,5,Oklahoma,Big 6,6-1-1,61,L 7-6 A #12 Missouri
636,15,16,Clemson (1),Southern,7-1,33,
637,16,NR,Georgetown,Ind,7-0-1,17,W 14-0 A New York
638,17,7,North Carolina,Southern,7-1-1,11,
639,17,14,Santa Clara,Ind,4-1-3,11,
640,19,NR,Georgia Tech,SEC,5-2,7,
641,19,NR,Princeton,Ind,6-1,7,W 13-7 A Yale
642,NR,20,Dartmouth,Ind,,0,
643,NR,20,Minnesota,Big Ten,,0,L 13-9 A #15 Iowa
644,NR,19,Oregon State,Pacific Coast,,0,
645,NR,17,SMU,Southwest,,0,
646,1,1,Texas A&M (27),Southwest,9-0,939,DNP
647,1,4,USC (25),Pacific Coast,6-0-1,939,W 20-12 A #7 Notre Dame
648,3,3,Cornell (34),Ind,8-0,909,W 26-0 A Penn
649,4,2,Tennessee (18),SEC,8-0,871,
650,5,5,Tulane (4),SEC,7-0-1,670,W 52-0 H Sewanee
651,6,12,Duquesne,Ind,8-0,334,W 22-7 N Carnegie Mellon
652,7,8,Duke (2),Southern,8-1,331,
653,8,10,Missouri,Big 6,8-1,277,
654,9,9,Iowa,Big Ten,6-1-1,129,
655,10,11,Holy Cross,Ind,7-1,123,DNP
656,11,7,Notre Dame,Ind,7-2,105,
657,12,6,Ohio State,Big Ten,6-2,95,
658,13,13,UCLA,Pacific Coast,5-0-3,75.5,
659,14,15,Clemson (1),Southern,8-1,46,
660,15,NR,Michigan,Big Ten,6-2,40.5,
661,16,17,North Carolina,Southern,7-1-1,40,
662,17,16,Georgetown,Ind,7-0-1,33,DNP
663,18,NR,Nebraska,Big 6,7-1-1,30,
664,19,NR,San Jose State,CCAA,12-0,29,W 42-7 H Fresno State
665,20,17,Santa Clara,Ind,5-1-3,22,
666,NR,19,Georgia Tech,SEC,,0,
667,NR,14,Oklahoma,Big 6,6-2-1,0,L 13-7 A Nebraska
668,NR,19,Princeton,Ind,,0,
669,2,4,Tennessee (19),SEC,9-0,941,
670,1,1,Texas A&M (28),Southwest,10-0,763,W 20-0 H Texas
671,3,1,USC (18),Pacific Coast,7-0-1,709,W 9-7 H Washington
672,4,3,Cornell (15),Ind,8-0,665,DNP
673,5,5,Tulane (5),SEC,8-0-1,572,W 33-20 H LSU
674,6,7,Duke (1),Southern,8-1,307,
675,7,8,Missouri,Big 6,8-1,242,
676,8,9,Iowa,Big Ten,6-1-1,138,
677,9,13,UCLA,Pacific Coast,6-0-3,99.5,
678,10,6,Duquesne,Ind,8-0-1,90,T 10-10 A Detroit Mercy
679,11,11,Notre Dame,Ind,7-2,88.5,
680,12,12,Ohio State,Big Ten,6-2,82,
681,13,NR,Georgia Tech,SEC,7-2,62,
682,14,NR,Boston College,Ind,9-1,57,
683,15,14,Clemson (1),Southern,8-1,46,
684,16,20,Santa Clara,Ind,5-1-3,39,
685,17,18,Nebraska,Big 6,7-1-1,21,
686,18,NR,Fordham,Ind,6-2,20,W 18-7 N New York
687,18,19,San Jose State,CCAA,13-0,20,W 12-0 H Drake
688,20,17,Georgetown,Ind,7-0-1,19,DNP
689,NR,10,Holy Cross,Ind,,0,
690,NR,15,Michigan,Big Ten,,0,
691,NR,16,North Carolina,Southern,,0,
692,1,1,Texas A&M (55),Southwest,10-0,1091,DNP
693,2,2,Tennessee (26),SEC,10-0,970,
694,3,3,USC (9),Pacific Coast,7-0-2,891,
695,4,4,Cornell (16),Ind,8-0,889,DNP
696,5,5,Tulane,SEC,8-0-1,804,DNP
697,6,7,Missouri,Big 6,8-1,318.33,
698,7,9,UCLA,Pacific Coast,6-0-4,289.83,
699,8,6,Duke (2),Southern,8-1,232,
700,9,8,Iowa,Big Ten,6-1-1,220.83,
701,10,10,Duquesne,Ind,8-0-1,130,DNP
702,11,14,Boston College,Ind,9-1,120.5,
703,12,15,Clemson,Southern,8-1,112,
704,13,11,Notre Dame,Ind,7-2,92,
705,14,16,Santa Clara,Ind,5-1-3,87,
706,15,12,Ohio State,Big Ten,6-2,70,
707,16,13,Georgia Tech,SEC,8-2,59,
708,17,18,Fordham,Ind,6-2,26,DNP
709,18,17,Nebraska,Big 6,7-1-1,22,
710,19,NR,Oklahoma,Big 6,6-2-1,20,L 13-7 A Nebraska
711,20,NR,Michigan,Big Ten,6-2,18,
712,NR,20,Georgetown,Ind,,0,
713,NR,18,San Jose State,CCAA,,0,
714,1,N/A,Cornell (90),Ind,2-0,1396,W 45-0 A Army
715,2,N/A,Texas A&M (25),Southwest,3-0,1015,
716,3,N/A,Michigan (26),Big Ten,3-0,1004,
717,4,N/A,Northwestern (1),Big Ten,2-0,898,
718,5,N/A,Tennessee (7),SEC,3-0,772,
719,6,N/A,Notre Dame (5),Ind,2-0,753,
720,7,N/A,Minnesota (2),Big Ten,2-0,630,DNP
721,8,N/A,Boston College,Ind,3-0,449,
722,9,N/A,Penn,Ind,2-0,354,
723,10,N/A,Stanford,Pacific Coast,3-0,267,
724,11,N/A,Fordham,Ind,2-0,195,W 20-7 H Tulane
725,12,N/A,Clemson,Southern,4-0,160,
726,13,N/A,Mississippi,SEC,4-0,134,
727,14,N/A,Texas,Southwest,3-0,99,
728,15,N/A,Ohio State,Big Ten,2-1,92,
729,16,N/A,Washington,Pacific Coast,2-1,72,
730,17,N/A,USC,Pacific Coast,1-0-2,34,
731,18,N/A,Oregon State,Pacific Coast,2-0-1,32,
732,19,N/A,Washington State,Pacific Coast,2-0-1,23,W 9-6 A California
733,20,N/A,Iowa,Big Ten,2-0,22,
734,1,1,Cornell (83),Ind,3-0,1473,W 33-6 H Syracuse
735,2,6,Notre Dame (30),Ind,3-0,1152,
736,3,3,Michigan (18),Big Ten,4-0,1040,
737,4,2,Texas A&M (15),Southwest,4-0,1037,
738,5,5,Tennessee (6),SEC,4-0,880,
739,6,7,Minnesota (8),Big Ten,3-0,817,W 13-7 A #15 Ohio State
740,7,4,Northwestern,Big Ten,3-0,592,
741,8,9,Penn,Ind,3-0,539,
742,9,10,Stanford,Pacific Coast,4-0,350,
743,10,8,Boston College,Ind,4-0,334,
744,11,11,Fordham,Ind,3-0,304,W 24-12 A Pittsburgh
745,12,14,Texas,Southwest,4-0,107,
746,13,12,Clemson (1),Southern,4-0,86,
747,14,13,Mississippi (1),SEC,5-0,80,
748,15,NR,Georgetown,Ind,4-0,38,W 46-4 H Virginia Tech
749,16,16,Washington,Pacific Coast,3-1,28,
750,17,17,USC,Pacific Coast,2-0-2,13,
751,18,NR,Nebraska,Big 6,2-1,12,
752,19,NR,SMU,Southwest,3-0-1,11,
753,20,NR,Columbia,Ind,3-0,8,W 19-13 H Georgia
754,NR,20,Iowa,Big Ten,,0,
755,NR,15,Ohio State,Big Ten,,0,
756,NR,18,Oregon State,Pacific Coast,,0,
757,NR,19,Washington State,Pacific Coast,,0,
758,1,1,Cornell (81.5),Ind,4-0,1461.5,W 21-7 H Ohio State
759,2,2,Notre Dame (40.5),Ind,4-0,1315.5,
760,3,3,Michigan (16),Big Ten,5-0,1208,
761,4,6,Minnesota (13),Big Ten,4-0,1044,W 34-6 H Iowa
762,5,4,Texas A&M (9),Southwest,5-0,970,
763,6,9,Stanford,Pacific Coast,5-0,738,
764,7,5,Tennessee,SEC,5-0,665,
765,8,7,Northwestern (1),Big Ten,4-0,639,
766,9,10,Boston College (2),Ind,5-0,401,
767,10,13,Clemson (2),Southern,5-0,132,
768,10,15,Georgetown (2),Ind,5-0,132,W 26-0 A New York
769,12,18,Nebraska,Big 6,3-1,42,
770,13,16,Washington,Pacific Coast,4-1,35,
771,14,NR,Navy,Ind,5-0,23,
772,15,8,Penn,Ind,3-1,17,
773,15,19,SMU,Southwest,3-0-1,17,
774,17,NR,Detroit,Ind,5-0,11,W 10-0 A Villanova
775,18,NR,Duke,Southern,3-1,10,
776,18,NR,Penn State,Ind,4-0,10,
777,20,NR,Mississippi State,SEC,4-0-1,9,
778,20,NR,Santa Clara,Ind,2-1-1,9,
779,NR,20,Columbia,Ind,,0,
780,NR,11,Fordham,Ind,,0,
781,NR,14,Mississippi,SEC,,0,
782,NR,12,Texas,Southwest,,0,
783,NR,17,USC,Pacific Coast,,0,
784,1,1,Cornell (119),Ind,5-0,1560,W 27-0 H Columbia
785,2,4,Minnesota (18),Big Ten,5-0,1420,W 13-12 A #8 Northwestern
786,3,3,Michigan (11),Big Ten,5-0,1258,
787,4,5,Texas A&M (14),Southwest,6-0,1185,
788,5,7,Tennessee (11),SEC,6-0,929,
789,6,6,Stanford (3),Pacific Coast,6-0,906,
790,7,2,Notre Dame,Ind,5-0,769,
791,8,9,Boston College (2),Ind,6-0,527,
792,9,10,Georgetown,Ind,6-0,347,W 28-6 A Syracuse
793,10,8,Northwestern,Big Ten,4-1,316,
794,11,13,Washington,Pacific Coast,4-1,87,
795,12,18,Duke,Southern,4-1,84,
796,12,12,Nebraska,Big 6,4-1,84,
797,14,15,SMU,Southwest,4-0-1,58,
798,15,15,Penn,Ind,4-1,23,
799,16,18,Penn State,Ind,5-0,17,
800,17,NR,Fordham,Ind,4-1,16,W 14-0 H North Carolina
801,18,NR,Lafayette,MID3,6-0,10,W 25-0 H Washington & Jefferson
802,19,20,Mississippi State,SEC,5-0-1,9,
803,19,20,Santa Clara,Ind,3-1-1,9,
804,NR,10,Clemson,Southern,,0,
805,NR,17,Detroit,Ind,,0,
806,NR,14,Navy,Ind,,0,
807,1,2,Minnesota (55.33),Big Ten,6-0,1314,W 7-6 H #3 Michigan
808,2,1,Cornell (45.33),Ind,6-0,1260,W 21-0 A Yale
809,3,4,Texas A&M (31.33),Southwest,7-0,1202,
810,4,6,Stanford (12),Pacific Coast,7-0,1066,
811,5,5,Tennessee (2),SEC,7-0,698.5,
812,6,3,Michigan,Big Ten,5-1,585,
813,7,7,Notre Dame,Ind,6-0,581,
814,8,8,Boston College,Ind,7-0,548.5,
815,9,9,Georgetown,Ind,7-0,352.5,W 41-0 A Maryland
816,10,10,Northwestern,Big Ten,5-1,276,
817,11,12,Nebraska,Big 6,5-1,139.5,
818,12,12,Duke (2),Southern,5-1,59,
819,13,17,Fordham,Ind,5-1,36,W 13-7 H Purdue
820,14,NR,Alabama,SEC,5-1,26,
821,15,19,Mississippi State,SEC,6-0-1,24,
822,16,19,Santa Clara,Ind,3-1-1,19,
823,17,NR,Mississippi,SEC,7-1,15,
824,17,11,Washington,Pacific Coast,4-2,15,
825,19,NR,Oregon State,Pacific Coast,5-1-1,11,
826,20,16,Penn State,Ind,5-0-1,4,
827,20,14,SMU,Southwest,4-1-1,4,
828,NR,18,Lafayette,MID3,,0,
829,NR,15,Penn,Ind,,0,
830,1,1,Minnesota (68),Big Ten,7-0,1544,W 33-6 H Purdue
831,2,3,Texas A&M (59),Southwest,8-0,1485,
832,3,4,Stanford (24),Pacific Coast,8-0,1331,
833,4,8,Boston College (12),Ind,8-0,1043.5,
834,5,2,Cornell (6),Ind,6-1,885,L 3-0 A Dartmouth
835,6,5,Tennessee (3),SEC,8-0,851,
836,7,6,Michigan,Big Ten,6-1,821,
837,8,11,Nebraska,Big 6,6-1,329,
838,9,9,Georgetown,Ind,7-1,318.5,L 19-18 A Boston College
839,10,10,Northwestern,Big Ten,5-2,105,
840,11,17,Mississippi,SEC,8-1,86.25,
841,12,NR,Penn,Ind,5-1-1,84,
842,13,17,Washington,Pacific Coast,5-2,60,
843,14,7,Notre Dame,Ind,6-1,59.25,
844,15,13,Fordham,Ind,5-1,57.25,DNP
845,16,15,Mississippi State,SEC,7-0-1,47.25,
846,17,14,Alabama,SEC,6-1,47,
847,18,20,SMU,Southwest,5-1-1,46,
848,19,16,Santa Clara,Ind,4-1-1,33,
849,20,20,Penn State,Ind,6-0-1,25,
850,20,NR,Texas Tech,BIAA,7-0-1,25,
851,NR,12,Duke,Southern,,0,
852,NR,19,Oregon State,Pacific Coast,,0,
853,1,1,Minnesota (88),Big Ten,8-0,1562,W 22-13 A Wisconsin
854,2,2,Texas A&M (41),Southwest,8-0,1476,
855,3,3,Stanford (15),Pacific Coast,8-0,1264,
856,4,4,Boston College (15),Ind,9-0,1114,
857,5,7,Michigan (3),Big Ten,7-1,1042,
858,6,6,Tennessee (8),SEC,9-0,959,
859,7,10,Northwestern,Big Ten,6-2,396,
860,8,8,Nebraska,Big 6,7-1,391,
861,9,9,Georgetown,Ind,8-1,229.43,W 8-0 N George Washington
862,10,12,Penn,Ind,6-1-1,227.43,
863,11,16,Mississippi State,SEC,8-0-1,177.93,
864,12,13,Washington,Pacific Coast,6-2,135.43,
865,13,5,Cornell,Ind,6-2,87.43,L 22-20 A Penn
866,14,15,Fordham,Ind,6-1,85,W 27-7 H Arkansas
867,15,19,Santa Clara,Ind,5-1-1,59.43,
868,16,18,SMU,Southwest,6-1-1,34,
869,17,17,Alabama,SEC,7-1,16.5,
870,18,NR,Lafayette,MID3,9-0,7,W 46-0 H Lehigh
871,18,20,Texas Tech,BIAA,8-0-1,7,
872,20,NR,Duke,Southern,6-2,5,
873,20,NR,Hardin-Simmons,Ind,7-0,5,W 28-18 H San Francisco
874,NR,11,Mississippi,SEC,,0,
875,NR,14,Notre Dame,Ind,,0,
876,NR,20,Penn State,Ind,,0,
877,1,1,Minnesota (65),Big Ten,8-0,1244,DNP
878,2,3,Stanford (44),Pacific Coast,9-0,1125,
879,3,5,Michigan (5),Big Ten,7-1,914,
880,4,6,Tennessee (10),SEC,10-0,885,
881,5,4,Boston College (7),Ind,10-0,798,
882,6,2,Texas A&M (1),Southwest,8-1,728,
883,7,8,Nebraska,Big 6,8-1,514,
884,8,7,Northwestern,Big Ten,6-2,323,
885,9,11,Mississippi State (1),SEC,8-0-1,233.13,
886,10,12,Washington,Pacific Coast,7-2,210.13,
887,11,15,Santa Clara,Ind,6-1-1,198.13,
888,12,14,Fordham,Ind,7-1,157.13,W 26-0 N New York
889,13,9,Georgetown,Ind,8-1,133.13,DNP
890,14,10,Penn,Ind,6-1-1,87.13,
891,15,13,Cornell,Ind,6-2,30.13,DNP
892,16,16,SMU,Southwest,7-1-1,9.13,
893,17,20,Hardin-Simmons,Ind,8-0,9,W 27-7 A Howard Payne
894,18,20,Duke,Southern,7-2,8,
895,19,18,Lafayette,MID3,9-0,4,DNP
896,NR,17,Alabama,SEC,,0,
897,NR,18,Texas Tech,BIAA,,0,
898,1,N/A,Minnesota (66),Big Ten,2-0,1081,W 34-6 H Illinois
899,2,N/A,Texas (30),Southwest,3-0,934,
900,3,N/A,Duke (14),Southern,3-0,801.5,
901,4,N/A,Fordham,Ind,2-0,508.5,W 27-14 A North Carolina
902,5,N/A,Northwestern (1),Big Ten,2-0,496,
903,6,N/A,Michigan (1),Big Ten,3-0,473,
904,7,N/A,Navy (3),Ind,3-0,446.5,
905,8,N/A,Notre Dame,Ind,3-0,388.5,
906,9,N/A,Santa Clara (1),Ind,3-0,240.5,
907,10,N/A,Ohio State (1),Big Ten,2-0,203,
908,11,N/A,Penn,Ind,2-0,172.5,
909,12,N/A,Rice,Southwest,2-0,160,
910,13,N/A,Clemson (1),Southern,4-0,108,
911,14,N/A,Texas A&M,Southwest,3-0,87,
912,15,N/A,Nebraska,Big 6,2-0,84,
913,16,N/A,Oregon State,Pacific Coast,3-0,81,
914,17,N/A,Tulane (1),SEC,2-1,66,L 10-9 A Rice
915,18,N/A,Vanderbilt,SEC,3-0,41,W 39-15 A Kentucky
916,19,N/A,Mississippi State,SEC,2-0-1,28,
917,20,N/A,Columbia,Ind,2-0,20,W 21-0 A Princeton
918,1,1,Minnesota (69),Big Ten,3-0,1169,W 39-0 H Pittsburgh
919,2,2,Texas (33),Southwest,4-0,1095,
920,3,6,Michigan (7),Big Ten,4-0,906,
921,4,3,Duke (7),Southern,4-0,758,
922,5,7,Navy (3),Ind,4-0,614,
923,6,4,Fordham,Ind,3-0,500,W 27-0 H West Virginia
924,7,8,Notre Dame,Ind,4-0,354,
925,8,9,Santa Clara,Ind,4-0,252,
926,9,14,Texas A&M,Southwest,4-0,243,
927,10,17,Tulane (1),SEC,3-1,220,W 52-6 H North Carolina
928,11,10,Ohio State (1),Big Ten,3-0,206,
929,12,11,Penn,Ind,3-0,139,
930,13,5,Northwestern,Big Ten,2-1,96,
931,14,13,Clemson (3),Southern,4-0,70,
932,15,18,Vanderbilt,SEC,4-0,62,W 14-7 H Georgia Tech
933,16,NR,Oregon,Pacific Coast,3-1,53,
934,17,NR,Temple,Ind,4-0,51,W 14-0 H Penn State
935,18,16,Oregon State,Pacific Coast,3-1,48,
936,19,NR,Stanford,Pacific Coast,3-1,24,
937,19,NR,Villanova,Ind,3-0,24,W 14-6 H Baylor
938,NR,20,Columbia,Ind,,0,
939,NR,19,Mississippi State,SEC,,0,
940,NR,15,Nebraska,Big 6,,0,
941,NR,12,Rice,Southwest,,0,
942,1,1,Minnesota (60),Big Ten,4-0,1161,W 7-0 A #3 Michigan
943,1,2,Texas (53),Southwest,5-0,1161,W 40-0 H Rice
944,3,6,Fordham (7),Ind,4-0,784,W 28-14 H TCU
945,4,4,Duke (5),Southern,5-0,702,
946,5,9,Texas A&M,Southwest,5-0,663,
947,6,7,Notre Dame,Ind,5-0,636,
948,7,3,Michigan,Big Ten,4-1,396,
949,8,12,Penn (1),Ind,4-0,315,
950,9,13,Northwestern,Big Ten,3-1,231,
951,10,15,Vanderbilt,SEC,5-0,190,W 46-7 H Princeton
952,11,5,Navy,Ind,4-0-1,163,
953,12,19,Stanford,Pacific Coast,4-1,156,
954,13,17,Temple,Ind,5-0,107,W 41-14 H Bucknell
955,14,NR,Army,Ind,4-0,55,
956,15,NR,Alabama,SEC,4-1,42,
957,16,NR,Duquesne,Ind,5-0,24,W 31-14 A Marquette
958,17,NR,Mississippi,SEC,3-1-1,23,
959,17,NR,Mississippi State,SEC,3-0-1,23,
960,19,NR,Missouri,Big 6,4-1,22,
961,20,NR,SMU,Southwest,3-1,16,
962,NR,14,Clemson,Southern,,0,
963,NR,11,Ohio State,Big Ten,,0,
964,NR,16,Oregon,Pacific Coast,,0,
965,NR,18,Oregon State,Pacific Coast,,0,
966,NR,8,Santa Clara,Ind,,0,
967,NR,10,Tulane,SEC,,0,
968,NR,19,Villanova,Ind,,0,
969,1,1,Texas (73.5),Southwest,6-0,1148,W 34-0 A #20 SMU
970,2,1,Minnesota (34.5),Big Ten,5-0,1111,W 8-7 H #9 Northwestern
971,3,3,Fordham (6),Ind,5-0,852,W 17-0 H Purdue
972,4,4,Duke (7),Southern,6-0,740,
973,5,5,Texas A&M,Southwest,6-0,585,
974,6,11,Navy,Ind,5-0-1,500.33,
975,7,6,Notre Dame,Ind,5-0-1,378.33,
976,8,7,Michigan,Big Ten,5-1,368.5,
977,9,12,Stanford,Pacific Coast,5-1,353.6,
978,10,9,Northwestern,Big Ten,3-2,196.6,
979,11,14,Army,Ind,4-0-1,158.33,
980,12,16,Duquesne,Ind,6-0,89,W 7-0 H Villanova
981,13,15,Alabama,SEC,5-1,70.5,
982,14,NR,Tulane,SEC,4-2,53,W 34-14 A Vanderbilt
983,15,17,Mississippi State,SEC,4-0-1,24,
984,16,17,Mississippi,SEC,4-1-1,22,
985,17,19,Missouri,Big 6,5-1,18.6,
986,18,NR,Syracuse,Ind,5-1,11,
987,19,8,Penn,Ind,4-1,4.6,
988,20,NR,Ohio State,Big Ten,4-1,3.6,
989,NR,20,SMU,Southwest,,0,
990,NR,13,Temple,Ind,,0,
991,NR,10,Vanderbilt,SEC,,0,
992,1,2,Minnesota (99),Big Ten,6-0,1187,W 9-0 H Nebraska
993,2,1,Texas (4),Southwest,6-0-1,881,T 7-7 A Baylor
994,3,4,Duke (11),Southern,7-0,844,
995,4,5,Texas A&M (6),Southwest,7-0,794,
996,5,7,Notre Dame,Ind,6-0-1,751,
997,6,9,Stanford (1),Pacific Coast,6-1,542,
998,7,8,Michigan,Big Ten,5-1,469,
999,8,10,Northwestern,Big Ten,4-2,286.67,
1000,9,13,Alabama,SEC,6-1,237.67,
1001,10,12,Duquesne,Ind,7-0,179,W 9-0 A St. Mary's
1002,11,3,Fordham,Ind,5-1,137.67,L 13-0 A Pittsburgh
1003,12,6,Navy,Ind,5-1-1,120.67,
1004,13,15,Mississippi State (0.5),SEC,5-0-1,111.17,
1005,14,19,Penn,Ind,5-1,34.67,
1006,15,16,Mississippi (0.5),SEC,5-1-1,30.5,
1007,16,17,Missouri,Big 6,6-1,25.67,
1008,17,NR,Harvard,Ind,3-2-1,24,W 20-6 H Army
1009,18,NR,Boston College,Ind,5-2,15,
1010,19,11,Army,Ind,4-1-1,10,
1011,20,20,Ohio State,Big Ten,5-1,9.67,
1012,NR,18,Syracuse,Ind,,0,
1013,NR,14,Tulane,SEC,,0,
1014,1,1,Minnesota (112),Big Ten,7-0,1279,W 34-13 A Iowa
1015,2,4,Texas A&M (5),Southwest,8-0,993,
1016,3,3,Duke (12),Southern,8-0,941,
1017,4,5,Notre Dame,Ind,7-0-1,938,
1018,5,7,Michigan,Big Ten,6-1,682,
1019,6,10,Duquesne,Ind,8-0,580,W 16-0 H Mississippi State
1020,7,9,Alabama,SEC,7-1,415,
1021,8,16,Missouri,Big 6,7-1,238,
1022,9,2,Texas,Southwest,6-1-1,228,
1023,10,8,Northwestern,Big Ten,4-3,204,
1024,11,11,Fordham,Ind,5-1,196,DNP
1025,12,12,Navy,Ind,5-1-1,117,
1026,13,14,Penn,Ind,6-1,83,
1027,14,20,Ohio State,Big Ten,6-1,48,
1028,15,15,Mississippi,SEC,5-1-1,46,
1029,16,NR,Oregon State,Pacific Coast,5-2,31,
1030,17,6,Stanford,Pacific Coast,6-2,28,
1031,18,NR,Clemson,Southern,6-1,18,
1032,19,NR,TCU,Southwest,6-2,16,W 14-7 A Texas
1033,20,NR,Georgia,SEC,6-1-1,13,
1034,20,NR,Washington,Pacific Coast,5-3,13,
1035,NR,19,Army,Ind,,0,
1036,NR,18,Boston College,Ind,,0,L 14-7 H Tennessee
1037,NR,17,Harvard,Ind,,0,
1038,NR,13,Mississippi State,SEC,,0,
1039,1,1,Minnesota (95),Big Ten,8-0,1124,W 41-6 H Wisconsin
1040,2,2,Texas A&M (2),Southwest,8-0,922,
1041,3,3,Duke (15),Southern,9-0,912,
1042,4,4,Notre Dame (2),Ind,8-0-1,778,
1043,5,6,Duquesne,Ind,8-0,465.75,DNP
1044,6,5,Michigan,Big Ten,6-1-1,378,
1045,7,8,Missouri (1),Big 6,8-1,349,
1046,8,11,Fordham,Ind,6-1,241.75,W 35-7 H St. Mary's
1047,9,10,Northwestern,Big Ten,5-3,182.75,
1048,10,9,Texas,Southwest,6-1-1,157,
1049,11,12,Navy,Ind,6-1-1,153,
1050,12,NR,Vanderbilt,SEC,8-1,124.75,W 7-0 H Alabama
1051,13,13,Penn,Ind,7-1,103,
1052,14,15,Mississippi,SEC,6-1-1,77,
1053,15,14,Ohio State,Big Ten,6-1-1,71,
1054,16,18,Clemson,Southern,7-1,70,
1055,17,16,Oregon State,Pacific Coast,6-2,63,
1056,18,7,Alabama,SEC,7-2,37,
1057,19,NR,Harvard,Ind,5-2-1,28,W 14-0 H Yale
1058,20,20,Georgia,SEC,7-1-1,27,
1059,NR,17,Stanford,Pacific Coast,,0,
1060,NR,19,TCU,Southwest,,0,
1061,NR,20,Washington,Pacific Coast,,0,
1062,1,1,Minnesota (84.5),Big Ten,8-0,945.5,DNP
1063,2,3,Duke (9.5),Southern,9-0,725.5,
1064,3,4,Notre Dame,Ind,8-0-1,675,
1065,4,10,Texas (1),Southwest,7-1-1,494.67,
1066,5,6,Michigan,Big Ten,6-1-1,455,
1067,6,8,Fordham,Ind,7-1,399.33,W 30-9 N New York
1068,7,7,Missouri (1),Big 6,8-1,328,
1069,8,5,Duquesne,Ind,8-0,309.67,DNP
1070,9,2,Texas A&M,Southwest,8-1,229.67,
1071,10,11,Navy,Ind,7-1-1,220.67,
1072,11,9,Northwestern,Big Ten,5-3,167,
1073,12,17,Oregon State,Pacific Coast,7-2,132.67,
1074,13,15,Ohio State,Big Ten,6-1-1,81,
1075,14,20,Georgia,SEC,8-1-1,62.67,
1076,15,13,Penn,Ind,7-1,61.67,
1077,16,NR,Mississippi State,SEC,7-1-1,18.67,
1078,17,14,Mississippi,SEC,6-2-1,10,
1079,18,NR,Tennessee,SEC,8-2,8,
1080,19,NR,Washington State,Pacific Coast,6-3,7,DNP
1081,20,18,Alabama,SEC,8-2,6,
1082,NR,16,Clemson,Southern,,0,
1083,NR,19,Harvard,Ind,,0,
1084,NR,12,Vanderbilt,SEC,,0,
1085,1,N/A,Ohio State (25),Big Ten,3-0,636,W 28-12 H USC
1086,2,N/A,Georgia (12),SEC,4-0,494,
1087,3,N/A,Michigan (12),Big Ten,2-1,418,
1088,4,N/A,Alabama (10),SEC,3-0,356,
1089,5,N/A,Illinois (18),Big Ten,3-0,326,
1090,6,N/A,Georgia Tech (5),SEC,3-0,300,
1091,7,N/A,Wisconsin,Big Ten,3-0-1,296,
1092,8,N/A,Penn (5),Ind,2-1,289,
1093,9,N/A,Colgate (2),Ind,3-0,170,W 27-19 A Dartmouth
1094,10,N/A,Washington State (3),Pacific Coast,3-0,168,W 68-16 H Montana
1095,11,N/A,Boston College (1),Ind,2-0,156,
1096,12,N/A,Vanderbilt,SEC,3-0,151,W 7-6 A Kentucky
1097,13,N/A,Duquesne (2),Ind,3-0,150,W 33-0 H Kansas State
1098,14,N/A,Minnesota (1),Big Ten,1-2,149,L 20-13 A Illinois
1099,15,N/A,Santa Clara (1),Ind,3-0,140,
1100,15,N/A,Tennessee (1),SEC,2-0-1,140,
1101,17,N/A,TCU,Southwest,3-0,120,W 41-6 H Kansas
1102,18,N/A,Army,Ind,2-0,65,
1103,19,N/A,Iowa,Big Ten,3-1,51,
1104,20,N/A,Texas,Southwest,3-1,46,
1105,1,1,Ohio State (58),Big Ten,4-0,1030,W 26-0 H Purdue
1106,2,2,Georgia (38),SEC,5-0,973,
1107,3,4,Alabama (8),SEC,4-0,822,
1108,4,3,Michigan (2),Big Ten,3-1,606,
1109,5,5,Illinois (1),Big Ten,4-0,516,
1110,6,5,Georgia Tech (1),SEC,4-0,487,
1111,7,7,Wisconsin (2),Big Ten,4-0-1,430,
1112,8,NR,Notre Dame (3),Ind,2-1-1,387,
1113,9,15,Santa Clara (2),Ind,4-0,282,
1114,10,11,Boston College (4),Ind,3-0,248,
1115,11,18,Army,Ind,3-0,227,
1116,12,17,TCU,Southwest,4-0,225,W 7-2 A Texas A&M
1117,13,14,Minnesota,Big Ten,2-2,55,W 15-2 A Nebraska
1118,14,NR,UCLA,Pacific Coast,2-2,50,
1119,15,20,Texas,Southwest,4-1,45,
1120,16,NR,Mississippi State,SEC,2-2,31,
1121,17,8,Penn,Ind,2-1-1,26,
1122,17,15,Tennessee,SEC,2-1-1,26,
1123,19,NR,North Carolina,Southern,3-0-1,13,
1124,20,NR,Syracuse,Ind,4-0,12,
1125,NR,9,Colgate,Ind,,0,
1126,NR,13,Duquesne,Ind,,0,
1127,NR,19,Iowa,Big Ten,,0,
1128,NR,12,Vanderbilt,SEC,,0,
1129,NR,10,Washington State,Pacific Coast,,0,
1130,1,1,Ohio State (80),Big Ten,5-0,1150,W 20-6 A Northwestern
1131,2,2,Georgia (25),SEC,6-0,1029.5,
1132,3,3,Alabama (6),SEC,5-0,951.5,
1133,4,8,Notre Dame (3),Ind,3-1-1,704.5,
1134,5,6,Georgia Tech (3),SEC,5-0,668,
1135,6,7,Wisconsin (1),Big Ten,5-0-1,574.5,
1136,7,10,Boston College (4),Ind,4-0,418,
1137,8,11,Army (1),Ind,4-0,295,
1138,9,12,TCU,Southwest,5-0,254,W 21-0 A Pensacola NAS
1139,10,13,Minnesota,Big Ten,3-2,232,W 16-14 H #4 Michigan
1140,11,14,UCLA,Pacific Coast,3-2,170,
1141,12,5,Illinois,Big Ten,4-1,100,
1142,13,4,Michigan,Big Ten,4-1,90,
1143,14,17,Penn,Ind,3-1-1,68,
1144,15,20,Syracuse,Ind,5-0,33,
1145,15,NR,Tulsa,MVC,5-0,33,W 41-0 A St. Louis
1146,17,15,Texas,Southwest,5-1,23,
1147,18,NR,William & Mary,Southern,4-0-1,18,W 61-0 H George Washington
1148,19,NR,LSU,SEC,5-1,15,
1149,20,17,Tennessee,SEC,3-1-1,14,
1150,NR,16,Mississippi State,SEC,,0,
1151,NR,19,North Carolina,Southern,,0,
1152,NR,9,Santa Clara,Ind,,0,
1153,1,2,Georgia (84.31),SEC,7-0,1189.5,W 21-10 N #3 Alabama
1154,2,6,Wisconsin (20.33),Big Ten,6-0-1,1051,
1155,3,5,Georgia Tech (3.83),SEC,6-0,902.5,
1156,4,4,Notre Dame (1),Ind,4-1-1,834.31,
1157,5,7,Boston College (13),Ind,5-0,715,
1158,6,1,Ohio State,Big Ten,5-1,466.31,L 17-7 A #6 Wisconsin
1159,7,10,Minnesota (1),Big Ten,4-2,373.31,W 19-7 H Northwestern
1160,8,3,Alabama,SEC,5-1,337.31,
1161,9,14,Penn (1),Ind,4-1-1,328.31,
1162,10,11,UCLA (1),Pacific Coast,4-2,299.31,
1163,11,13,Michigan,Big Ten,4-2,279.31,
1164,12,15,Tulsa,MVC,6-0,60.31,W 40-0 A Drake
1165,13,20,Tennessee,SEC,4-1-1,47.31,
1166,14,17,Texas,Southwest,6-1,37.31,
1167,15,NR,Santa Clara,Ind,5-1,33.31,
1168,16,NR,Baylor,Southwest,6-1,30.31,
1169,17,18,William & Mary,Southern,5-0-1,25,W 35-14 A Dartmouth
1170,18,NR,Fresno State (1),CCAA,7-0,17,W 13-0 A Pacific
1171,19,8,Army,Ind,4-1,12.31,
1172,20,12,Illinois,Big Ten,4-2,10,
1173,NR,19,LSU,SEC,,0,
1174,NR,15,Syracuse,Ind,,0,
1175,NR,9,TCU,Southwest,,0,
1176,1,1,Georgia (85),SEC,8-0,1088,W 75-0 N Florida
1177,2,3,Georgia Tech (14),SEC,7-0,988,
1178,3,5,Boston College (10),Ind,6-0,819.5,
1179,4,4,Notre Dame (1),Ind,5-1-1,772.6,
1180,5,8,Alabama,SEC,6-1,418.6,
1181,6,11,Michigan,Big Ten,5-2,349,
1182,7,2,Wisconsin,Big Ten,6-1-1,208.6,
1183,8,14,Texas,Southwest,7-1,207.6,
1184,9,12,Tulsa (1),MVC,7-0,205.5,W 34-6 H Oklahoma State
1185,10,6,Ohio State (1),Big Ten,6-1,204.6,
1186,11,13,Tennessee,SEC,5-1-1,84.6,
1187,12,NR,Iowa,Big Ten,6-2,68.1,
1188,13,20,Illinois,Big Ten,5-2,50,
1189,14,NR,Washington State,Pacific Coast,5-1,43.1,W 25-13 H Michigan State
1190,15,17,William & Mary,Southern,6-0-1,34,W 40-0 H Randolph-Macon
1191,16,7,Minnesota,Big Ten,4-3,21,L 7-0 H Indiana
1192,17,9,Penn,Ind,4-2-1,18.1,
1193,18,10,UCLA,Pacific Coast,4-3,17,
1194,19,NR,Hardin-Simmons,BIAA,6-0,12,DNP
1195,20,NR,Williams,Ind,7-0,11,
1196,NR,19,Army,Ind,,0,
1197,NR,16,Baylor,Southwest,,0,
1198,NR,18,Fresno State,CCAA,,0,
1199,NR,15,Santa Clara,Ind,,0,
1200,1,1,Georgia (69),SEC,9-0,1171,W 40-0 A Chattanooga
1201,2,2,Georgia Tech (13),SEC,8-0,1095,
1202,3,3,Boston College (37),Ind,7-0,1025,
1203,4,6,Michigan (3),Big Ten,6-2,827,
1204,5,10,Ohio State (1),Big Ten,7-1,609,
1205,6,9,Tulsa (2),MVC,8-0,532,W 24-0 H Baylor
1206,7,7,Wisconsin,Big Ten,7-1-1,408,
1207,8,4,Notre Dame,Ind,5-2-1,279,
1208,9,5,Alabama,SEC,6-2,266,
1209,10,16,Minnesota,Big Ten,5-3,150,W 27-7 H #12 Iowa
1210,11,11,Tennessee,SEC,6-1-1,105,
1211,12,14,Washington State (1),Pacific Coast,6-1,74,W 7-0 A Idaho
1212,13,15,William & Mary,Southern,7-0-1,60,W 27-6 A VMI
1213,14,NR,Santa Clara,Ind,7-1,54,
1214,14,8,Texas,Southwest,7-2,54,
1215,16,NR,USC,Pacific Coast,3-3-1,19,
1216,17,19,Hardin-Simmons,BIAA,7-0,18,W 13-0 A Louisiana Tech
1217,18,NR,Indiana,Big Ten,5-3,16,W 54-0 H Kansas State
1218,18,NR,TCU,Southwest,6-2,16,W 13-7 H Texas
1219,18,18,UCLA,Pacific Coast,4-3,16,
1220,NR,13,Illinois,Big Ten,,0,
1221,NR,12,Iowa,Big Ten,,0,
1222,NR,17,Penn,Ind,,0,
1223,NR,20,Williams,Ind,,0,
1224,1,3,Boston College (47),Ind,8-0,1078,W 37-0 N Boston
1225,2,2,Georgia Tech (50),SEC,9-0,1044,
1226,3,5,Ohio State (16),Big Ten,8-1,904,
1227,4,7,Wisconsin (2),Big Ten,8-1-1,694,
1228,5,1,Georgia (1),SEC,9-1,616,L 27-13 H Auburn
1229,6,6,Tulsa (1),MVC,9-0,577,W 33-19 A Creighton
1230,7,9,Alabama,SEC,7-2,288,
1231,8,8,Notre Dame,Ind,6-2-1,281,
1232,9,4,Michigan,Big Ten,6-3,279,
1233,10,11,Tennessee,SEC,7-1-1,197,
1234,11,18,UCLA,Pacific Coast,5-3,88,
1235,12,14,Santa Clara,Ind,7-2,72,
1236,12,NR,Stanford,Pacific Coast,5-4,72,
1237,14,16,USC,Pacific Coast,3-3-1,34,
1238,15,12,Washington State (1),Pacific Coast,6-1-1,29,T 6-6 H 2nd Air Force
1239,16,NR,Auburn,SEC,5-4-1,20,
1240,16,NR,Mississippi State,SEC,7-2,20,
1241,18,14,Texas,Southwest,7-2,19,
1242,19,13,William & Mary,Southern,7-1-1,17,L 14-0 H North Carolina Pre-Flight
1243,20,10,Minnesota,Big Ten,5-4,16,L 20-6 A #7 Wisconsin
1244,NR,17,Hardin-Simmons,BIAA,,0,
1245,NR,18,Indiana,Big Ten,,0,
1246,NR,18,TCU,Southwest,,0,
1247,1,3,Ohio State (84),Big Ten,9-1,1432,W 41-12 H Iowa Pre-Flight
1248,2,5,Georgia (62),SEC,10-1,1339,
1249,3,4,Wisconsin (4),Big Ten,8-1-1,983,
1250,4,6,Tulsa (4),MVC,10-0,936,W 40-7 H Arkansas
1251,5,2,Georgia Tech,SEC,9-1,705,
1252,6,8,Notre Dame,Ind,7-2-1,590,
1253,7,10,Tennessee,SEC,8-1-1,533,
1254,8,1,Boston College,Ind,8-1,485,L 55-12 H Holy Cross (MA)
1255,9,9,Michigan,Big Ten,7-3,467,
1256,10,7,Alabama,SEC,7-3,234,
1257,11,18,Texas,Southwest,8-2,137,
1258,12,12,Stanford,Pacific Coast,6-4,72,
1259,13,11,UCLA,Pacific Coast,5-3,54,
1260,14,19,William & Mary (1),Southern,8-1-1,39,W 10-0 A Richmond
1261,15,12,Santa Clara,Ind,7-2,32,
1262,16,16,Auburn,SEC,6-4-1,25,
1263,17,15,Washington State,Pacific Coast,6-1-2,24,T 0-0 A Washington
1264,18,16,Mississippi State,SEC,7-2,22,
1265,19,NR,Holy Cross (1),Ind,5-4-1,19,W 55-12 A #1 Boston College
1266,19,20,Minnesota,Big Ten,5-4,19,DNP
1267,19,NR,Penn State,Ind,6-1-1,19,
1268,NR,14,USC,Pacific Coast,,0,
1269,1,N/A,Notre Dame (53),Ind,2-0,977,W 55-13 H Georgia Tech
1270,2,N/A,Michigan (36),Big Ten,3-0,880,
1271,3,N/A,Army (4),Ind,2-0,631,W 42-0 H Colgate
1272,4,N/A,Navy (3),Ind,2-0,616,
1273,5,N/A,Duke (4),Southern,3-0,575,
1274,6,N/A,Penn (1),Ind,2-0,434,
1275,7,N/A,Purdue (2),Big Ten,3-0,392,
1276,8,N/A,Iowa Pre-Flight (2),Ind,3-0,251,
1277,9,N/A,Minnesota (1),Big Ten,2-0,237,
1278,10,N/A,USC,Pacific Coast,2-0,179,
1279,11,N/A,Southwestern,Other,3-0,123,
1280,12,N/A,Great Lakes Naval,Ind,2-1,112,
1281,13,N/A,Memphis Naval,Ind,3-0,95,
1282,14,N/A,Dartmouth,Ind,2-0,59,W 47-0 H Coast Guard (NH)
1283,15,N/A,Del Monte Pre-Flight,Ind,2-0,57,
1284,16,N/A,March Field/4th AF,Ind,2-0,25,W 40-0 H Redlands
1285,17,N/A,LSU,SEC,2-0,24,
1286,18,N/A,Ohio State,Big Ten,2-0,23,
1287,19,N/A,Northwestern,Big Ten,1-1,18,
1288,20,N/A,Pacific,Ind,3-0,17,W 19-7 A UCLA
1289,1,1,Notre Dame (86),Ind,3-0,941,W 35-12 A #2 Michigan
1290,2,3,Army (1),Ind,3-0,847,W 51-0 H Temple
1291,3,4,Navy (1),Ind,3-0,669,
1292,4,6,Penn (1),Ind,3-0,408,
1293,5,7,Purdue,Big Ten,4-0,398,
1294,6,5,Duke,Southern,3-1,370,
1295,7,8,Iowa Pre-Flight,Ind,4-0,325,
1296,8,10,USC,Pacific Coast,3-0,309,
1297,9,2,Michigan,Big Ten,3-1,273,L 35-12 H #1 Notre Dame
1298,10,20,Pacific,Ind,4-0,125,W 12-6 A California
1299,11,15,Del Monte Pre-Flight (6),Ind,3-0,124,
1300,12,16,March Field/4th AF (4),Ind,3-0,110,W 47-7 H UCLA
1301,13,9,Minnesota,Big Ten,2-0,109,
1302,14,12,Great Lakes Naval,Ind,3-1,70.5,
1303,15,13,Memphis Naval,Ind,3-0,51,
1304,16,14,Dartmouth,Ind,2-1,48.5,L 7-6 A Penn
1305,17,11,Southwestern,Other,4-0,34,
1306,18,NR,Texas A&M,Southwest,3-0,13,
1307,19,NR,Washington,Pacific Coast,2-0,9,
1308,20,NR,Georgia,SEC,3-1,8,
1309,NR,17,LSU,SEC,,0,
1310,NR,19,Northwestern,Big Ten,,0,
1311,NR,18,Ohio State,Big Ten,,0,
1312,1,1,Notre Dame (98),Ind,4-0,1075,W 50-0 A Wisconsin
1313,2,2,Army (5),Ind,4-0,926,W 52-0 A Columbia
1314,3,3,Navy,Ind,4-0,643,
1315,4,5,Purdue (1),Big Ten,5-0,613,
1316,5,4,Penn (4),Ind,4-0,568,
1317,6,10,Pacific (4),Ind,5-0,438,W 16-7 H Del Monte Pre-Flight
1318,7,8,USC (2),Pacific Coast,4-0,326,
1319,8,7,Iowa Pre-Flight,Ind,5-0,308,
1320,9,6,Duke,Southern,4-1,291.5,
1321,10,9,Michigan,Big Ten,3-1,269,
1322,11,13,Minnesota,Big Ten,3-0,182.5,
1323,12,17,Southwestern,Other,5-0,71,
1324,13,18,Texas A&M,Southwest,4-0,58,
1325,14,12,March Field/4th AF,Ind,4-0,45,W 7-0 A San Diego Naval
1326,15,11,Del Monte Pre-Flight,Ind,3-1,43,
1327,16,NR,Texas,Southwest,3-1,41,
1328,17,NR,Northwestern,Big Ten,2-1,34,
1329,18,NR,Colorado College,Ind,4-0,16,
1330,19,15,Memphis Naval,Ind,3-0,12,
1331,20,NR,Camp Grant,Ind,1-3,8,
1332,NR,16,Dartmouth,Ind,,0,
1333,NR,20,Georgia,SEC,,0,
1334,NR,14,Great Lakes Naval,Ind,,0,
1335,NR,19,Washington,Pacific Coast,,0,
1336,1,1,Notre Dame (97),Ind,5-0,1023,W 47-0 H Illinois
1337,2,2,Army (5),Ind,5-0,891,W 39-7 A Yale
1338,3,3,Navy,Ind,5-0,683,
1339,4,4,Purdue (1),Big Ten,6-0,598,
1340,5,7,USC,Pacific Coast,5-0,521,
1341,6,5,Penn,Ind,5-0,502,
1342,7,10,Michigan,Big Ten,4-1,431,
1343,8,9,Duke,Southern,4-1,229,
1344,9,8,Iowa Pre-Flight,Ind,6-0,215,
1345,10,6,Pacific,Ind,5-1,162,L 6-0 A USC
1346,11,NR,Washington,Pacific Coast,4-0,92,
1347,12,16,Texas,Southwest,4-1,42,
1348,13,NR,Tulsa,MVC,4-0,41,W 55-0 H Utah
1349,14,NR,Louisiana,LIC,4-0,39,
1350,15,17,Northwestern,Big Ten,3-1,35,
1351,16,18,Colorado College,Ind,5-0,21,
1352,17,15,Del Monte Pre-Flight,Ind,4-1,19,
1353,18,NR,Great Lakes Naval,Ind,4-2,11,
1354,19,13,Texas A&M,Southwest,5-0,7,
1355,20,NR,California,Pacific Coast,2-3,5,
1356,NR,20,Camp Grant,Ind,,0,
1357,NR,14,March Field/4th AF,Ind,,0,
1358,NR,19,Memphis Naval,Ind,,0,
1359,NR,11,Minnesota,Big Ten,,0,
1360,NR,12,Southwestern,Other,,0,
1361,1,1,Notre Dame (97),Ind,6-0,1005,W 33-6 N #3 Navy
1362,2,4,Purdue,Big Ten,7-0,726,
1363,3,2,Army,Ind,5-0-1,695,T 13-13 A #6 Penn
1364,4,5,USC (2),Pacific Coast,6-0,659,
1365,5,6,Penn (2),Ind,5-0-1,559,
1366,6,7,Michigan,Big Ten,5-1,470,
1367,7,3,Navy,Ind,5-1,284,
1368,8,9,Iowa Pre-Flight,Ind,6-0,276,
1369,9,8,Duke,Southern,5-1,187,
1370,10,10,Pacific,Ind,5-1,155,DNP
1371,11,11,Washington,Pacific Coast,4-0,140,
1372,12,15,Northwestern,Big Ten,4-1,106,
1373,13,12,Texas,Southwest,5-1,85,
1374,14,17,Del Monte Pre-Flight,Ind,4-1,57,
1375,15,14,Louisiana,LIC,5-0,32,
1376,16,19,Texas A&M,Southwest,6-0,22,
1377,17,NR,Arkansas-Monticello,Other,5-0,20,W 35-0 A Miami (OH)
1378,17,16,Colorado College,Ind,5-0,20,
1379,19,13,Tulsa,MVC,4-0-1,19,T 6-6 H Southwestern
1380,20,NR,LSU,SEC,5-1,15,
1381,NR,20,California,Pacific Coast,,0,
1382,NR,18,Great Lakes Naval,Ind,,0,
1383,1,1,Notre Dame (91),Ind,7-0,910,W 26-0 N #3 Army
1384,2,2,Purdue,Big Ten,8-0,570,
1385,3,7,Navy,Ind,6-1,518,
1386,4,6,Michigan,Big Ten,6-1,486,
1387,5,8,Iowa Pre-Flight,Ind,7-0,459,
1388,6,3,Army,Ind,5-1-1,404,L 26-0 N #1 Notre Dame
1389,7,9,Duke,Southern,6-1,308,
1390,8,12,Northwestern,Big Ten,5-1,285,
1391,9,4,USC,Pacific Coast,6-1,250,
1392,10,5,Penn,Ind,5-1-1,131,
1393,11,10,Pacific,Ind,6-1,113,W 19-7 A St. Mary's
1394,12,11,Washington,Pacific Coast,4-0,79,
1395,13,14,Del Monte Pre-Flight,Ind,5-1,78,
1396,14,16,Texas A&M,Southwest,6-0-1,56,
1397,15,NR,March Field/4th AF,Ind,5-1,48,W 72-0 H Pomona Ordinance Base
1398,16,13,Texas,Southwest,5-1,34,
1399,17,19,Tulsa,MVC,5-0-1,31,W 55-6 H Oklahoma State
1400,18,NR,Dartmouth,Ind,4-1,30,W 47-13 H Columbia
1401,19,NR,Georgia Tech,SEC,4-3,23,
1402,20,NR,San Diego Naval,Ind,4-1,20,
1403,NR,17,Arkansas-Monticello,Other,,0,
1404,NR,17,Colorado College,Ind,,0,
1405,NR,15,Louisiana,LIC,,0,
1406,NR,20,LSU,SEC,,0,
1407,1,1,Notre Dame (87),Ind,8-0,897,W 25-6 A #8 Northwestern
1408,2,5,Iowa Pre-Flight,Ind,8-0,631,
1409,3,2,Purdue,Big Ten,8-0,585,
1410,4,4,Michigan,Big Ten,7-1,542,
1411,5,3,Navy,Ind,7-1,508,
1412,6,7,Duke (1),Southern,7-1,372,
1413,7,6,Army,Ind,6-1-1,321,W 16-7 H Sampson Naval (NY)
1414,8,15,March Field/4th AF,Ind,6-1,143,W 35-0 A #9 USC
1415,9,8,Northwestern,Big Ten,5-2,121,
1416,10,16,Texas,Southwest,6-1,112,
1417,11,12,Washington,Pacific Coast,4-0,97,
1418,12,14,Texas A&M,Southwest,7-0-1,74,
1419,13,11,Pacific,Ind,7-1,71,W 43-0 H Yuma AAF
1420,14,13,Del Monte Pre-Flight,Ind,5-1,65,
1421,15,19,Georgia Tech,SEC,5-3,54,
1422,16,17,Tulsa,MVC,5-0-1,44,DNP
1423,17,NR,Bainbridge Naval,Ind,7-0,33,
1424,17,20,San Diego Naval,Ind,5-1,33,
1425,19,10,Penn,Ind,5-2-1,31,
1426,20,18,Dartmouth,Ind,5-1,29,W 20-0 N Cornell
1427,NR,9,USC,Pacific Coast,,0,
1428,1,1,Notre Dame (97),Ind,9-0,1014,W 14-13 H #2 Iowa Pre-Flight
1429,2,2,Iowa Pre-Flight (1),Ind,8-1,821,L 14-13 A #1 Notre Dame
1430,3,4,Michigan,Big Ten,8-1,628,
1431,4,3,Purdue,Big Ten,9-0,548,
1432,5,6,Duke (2),Southern,8-1,500,
1433,6,5,Navy,Ind,7-1,432,
1434,7,7,Army,Ind,7-1-1,410,W 59-0 H Brown
1435,8,9,Northwestern,Big Ten,6-2,197,
1436,9,8,March Field/4th AF,Ind,6-1,166,DNP
1437,10,14,Del Monte Pre-Flight,Ind,6-1,114,
1438,11,11,Washington,Pacific Coast,4-0,88,
1439,12,10,Texas,Southwest,6-1,79,
1440,13,20,Dartmouth,Ind,6-1,64,W 42-13 A Princeton
1441,14,15,Georgia Tech,SEC,6-3,36,
1442,15,17,Bainbridge Naval,Ind,7-0,30,
1443,16,12,Texas A&M,Southwest,7-0-1,28,
1444,17,NR,Colorado College (2),Ind,7-0,27,
1445,18,19,Penn,Ind,5-2-1,26,
1446,18,NR,Randolph Field,Ind,9-0,26,
1447,20,16,Tulsa,MVC,5-0-1,23,DNP
1448,NR,13,Pacific,Ind,,0,
1449,NR,17,San Diego Naval,Ind,,0,
1450,1,1,Notre Dame (86),Ind,9-1,1259,L 19-14 A Great Lakes Naval (IL)
1451,2,2,Iowa Pre-Flight (12),Ind,9-1,1028,
1452,3,3,Michigan (1),Big Ten,8-1,762,
1453,4,6,Navy,Ind,8-1,717,
1454,5,4,Purdue (12),Big Ten,9-0,707,
1455,6,NR,Great Lakes Naval (1),Ind,8-2,642,
1456,7,5,Duke (7),Southern,8-1,522,
1457,8,10,Del Monte Pre-Flight (9),Ind,7-1,240,
1458,9,8,Northwestern,Big Ten,6-2,233,
1459,10,9,March Field/4th AF,Ind,6-1,212,DNP
1460,11,7,Army,Ind,7-2-1,156,L 13-0 H #6 Navy
1461,12,11,Washington (1),Pacific Coast,4-0,115,
1462,13,14,Georgia Tech,SEC,7-3,108,
1463,14,12,Texas,Southwest,7-1,80,
1464,15,20,Tulsa,MVC,6-0-1,77,W 61-0 H Arkansas
1465,16,13,Dartmouth,Ind,6-1,71,DNP
1466,17,15,Bainbridge Naval,Ind,7-0,46,
1467,18,17,Colorado College (2),Ind,7-0,37,
1468,19,NR,Pacific,Ind,7-1,36,DNP
1469,20,18,Penn,Ind,6-2-1,31,
1470,NR,18,Randolph Field,Ind,,0,
1471,NR,16,Texas A&M,Southwest,,0,
1472,1,N/A,Notre Dame (34),Ind,2-0,822,W 26-0 H Tulane
1473,2,N/A,North Carolina Pre-Flight (24),Ind,3-0,608,
1474,3,N/A,Army (3),Ind,2-0,575,
1475,4,N/A,Randolph Field (22),Ind,2-0,510,
1476,5,N/A,Great Lakes Naval (3),Ind,2-0,450,
1477,6,N/A,Navy,Ind,2-0,369,
1478,7,N/A,Purdue (2),Big Ten,2-1,346,
1479,8,N/A,Ohio State (2),Big Ten,2-0,296,
1480,9,N/A,Penn,Ind,2-0,275,
1481,10,N/A,Georgia Tech,SEC,2-0,194,
1482,11,N/A,Iowa Pre-Flight (1),Ind,3-1,152,
1483,12,N/A,Michigan,Big Ten,3-1,53,
1484,13,N/A,Tulsa,MVC,2-0,52,W 27-0 H Kansas
1485,14,N/A,Illinois,Big Ten,2-0,35,
1486,15,N/A,2nd Air Force,Ind,3-1,34,
1487,15,N/A,Tennessee (1),SEC,2-0,34,
1488,17,N/A,Wake Forest,Southern,3-0,31,W 39-0 H Maryland
1489,18,N/A,Bainbridge Naval,Ind,2-0,26,
1490,19,N/A,Indiana,Big Ten,2-1,24,DNP
1491,19,N/A,Wisconsin,Big Ten,2-0,24,
1492,1,1,Notre Dame (59.67),Ind,3-0,973,W 64-0 N Dartmouth
1493,2,3,Army (11.67),Ind,3-0,862,
1494,3,4,Randolph Field (21.58),Ind,3-0,681.5,
1495,4,8,Ohio State (4),Big Ten,3-0,631,
1496,5,11,Iowa Pre-Flight (0.25),Ind,4-1,399.5,
1497,6,5,Great Lakes Naval (1),Ind,3-0,386,
1498,7,9,Penn (3),Ind,3-0,328,
1499,8,10,Georgia Tech,SEC,3-0,313,
1500,9,6,Navy,Ind,2-1,308,
1501,10,2,North Carolina Pre-Flight,Ind,3-0-1,216,
1502,11,7,Purdue,Big Ten,2-2,128,
1503,12,NR,California (1),Pacific Coast,3-0-1,80,
1504,13,13,Tulsa,MVC,3-0,79,W 34-7 H Texas Tech
1505,14,NR,March Field/4th AF (1),Ind,2-0-1,75,
1506,15,12,Michigan,Big Ten,4-1,59,
1507,15,NR,USC,Pacific Coast,2-0-2,59,
1508,17,15,Tennessee,SEC,3-0,52,
1509,18,18,Bainbridge Naval (2),Ind,3-0,50,
1510,19,15,2nd Air Force (0.25),Ind,4-1,48.5,
1511,20,19,Indiana,Big Ten,3-1,47,W 54-0 H Nebraska
1512,NR,14,Illinois,Big Ten,,0,
1513,NR,17,Wake Forest,Southern,,0,
1514,NR,19,Wisconsin,Big Ten,,0,
1515,1,1,Notre Dame (40),Ind,4-0,917,W 28-13 H Wisconsin
1516,2,2,Army (30),Ind,4-0,909,
1517,3,3,Randolph Field (23),Ind,4-0,843,
1518,4,4,Ohio State (14),Big Ten,4-0,790,
1519,5,8,Georgia Tech,SEC,4-0,589,
1520,6,5,Iowa Pre-Flight,Ind,5-1,347,
1521,7,7,Penn,Ind,3-0,269,
1522,7,13,Tulsa,MVC,4-0,269,W 47-0 N Mississippi
1523,9,10,North Carolina Pre-Flight,Ind,4-0-1,166,
1524,10,11,Purdue,Big Ten,3-2,153,
1525,11,NR,March Field/4th AF,Ind,3-0-1,109,
1526,12,9,Navy,Ind,2-2,101,
1527,13,18,Bainbridge Naval (2),Ind,4-0,93,
1528,14,NR,Illinois,Big Ten,4-1-1,55,
1529,15,19,2nd Air Force,Ind,5-1,52,
1530,16,6,Great Lakes Naval,Ind,3-1,46,
1531,17,20,Indiana,Big Ten,4-1,44,W 14-7 A Northwestern
1532,18,NR,Wake Forest,Southern,5-0,38,W 21-7 A NC State
1533,19,NR,3rd Air Force,Ind,4-0,23,
1534,19,NR,Mississippi State,SEC,4-0,23,
1535,19,17,Tennessee,SEC,3-0-1,23,
1536,NR,12,California,Pacific Coast,,0,
1537,NR,15,Michigan,Big Ten,,0,
1538,NR,15,USC,Pacific Coast,,0,
1539,1,2,Army (41),Ind,5-0,898,W 27-7 H Duke
1540,2,1,Notre Dame (15),Ind,5-0,798,W 13-7 A #14 Illinois
1541,3,4,Ohio State (17),Big Ten,5-0,772,
1542,4,3,Randolph Field (18),Ind,5-0,716,
1543,5,5,Georgia Tech (1),SEC,5-0,532,
1544,6,12,Navy (1),Ind,3-2,383,
1545,7,6,Iowa Pre-Flight,Ind,6-1,315,
1546,8,9,North Carolina Pre-Flight,Ind,5-0-1,174,
1547,9,14,Illinois,Big Ten,4-2-1,168,
1548,10,NR,Michigan,Big Ten,5-1,167,
1549,11,11,March Field/4th AF (6),Ind,4-0-1,149,
1550,12,13,Bainbridge Naval (2),Ind,5-0,105,
1551,13,NR,USC,Pacific Coast,4-0-2,100,
1552,14,16,Great Lakes Naval,Ind,4-1,80,
1553,15,17,Indiana,Big Ten,5-1,56,W 32-0 H Iowa
1554,16,19,Tennessee,SEC,4-0-1,45,
1555,17,18,Wake Forest,Southern,6-0,40,W 27-0 A Miami (FL)
1556,18,19,Mississippi State,SEC,4-0,32,
1557,19,NR,Alabama,SEC,3-0-2,28,
1558,19,NR,Oklahoma State,MVC,5-0,28,W 46-40 A Tulsa
1559,NR,15,2nd Air Force,Ind,,0,
1560,NR,19,3rd Air Force,Ind,,0,
1561,NR,7,Penn,Ind,,0,
1562,NR,10,Purdue,Big Ten,,0,
1563,NR,7,Tulsa,MVC,,0,
1564,1,1,Army (58),Ind,6-0,974,W 83-0 H Villanova
1565,2,3,Ohio State (18),Big Ten,6-0,812,
1566,3,6,Navy (1),Ind,4-2,706,
1567,4,4,Randolph Field (18),Ind,6-0,675,
1568,5,2,Notre Dame,Ind,5-1,430,
1569,6,12,Bainbridge Naval (6),Ind,6-0,349,
1570,7,7,Iowa Pre-Flight,Ind,7-1,347,
1571,8,10,Michigan,Big Ten,6-1,342,
1572,9,11,March Field/4th AF (3),Ind,5-0-1,163,
1573,10,9,Illinois,Big Ten,4-2-1,149,
1574,11,13,USC,Pacific Coast,5-0-2,138,
1575,12,17,Wake Forest (1),Southern,7-0,114,W 13-7 H Clemson
1576,13,5,Georgia Tech,SEC,5-1,96,
1577,14,14,Great Lakes Naval,Ind,5-1,94,
1578,15,NR,Norman Pre-Flight,Ind,5-0,65,
1579,16,8,North Carolina Pre-Flight,Ind,5-1-1,59,
1580,17,NR,El Toro Marines,Ind,4-1,53,
1581,18,16,Tennessee,SEC,5-0-1,47,
1582,19,18,Mississippi State,SEC,5-0,41,
1583,20,NR,Duke,Southern,2-4,35,
1584,NR,19,Alabama,SEC,,0,
1585,NR,15,Indiana,Big Ten,,0,
1586,NR,19,Oklahoma State,MVC,5-1,0,L 15-0 H Norman NAS (OK)
1587,1,1,Army (77),Ind,7-0,935,W 59-0 N #5 Notre Dame
1588,2,4,Randolph Field (15),Ind,7-0,770,
1589,3,3,Navy (5),Ind,5-2,759,
1590,4,2,Ohio State (3),Big Ten,7-0,741,
1591,5,8,Michigan,Big Ten,7-1,458,
1592,6,6,Bainbridge Naval (4),Ind,7-0,454,
1593,7,7,Iowa Pre-Flight,Ind,8-1,344,
1594,8,9,March Field/4th AF (2),Ind,6-0-1,195,
1595,9,13,Georgia Tech,SEC,6-1,165,
1596,10,20,Duke,Southern,3-4,108,
1597,11,5,Notre Dame,Ind,5-2,92,
1598,12,11,USC,Pacific Coast,5-0-2,87,
1599,13,14,Great Lakes Naval,Ind,6-1,84,
1600,14,NR,Purdue,Big Ten,5-3,71,
1601,15,17,El Toro Marines,Ind,5-1,48,
1602,16,19,Mississippi State,SEC,6-0,45,
1603,17,18,Tennessee,SEC,5-0-1,34,
1604,18,15,Norman Pre-Flight,Ind,6-0,33,
1605,18,16,North Carolina Pre-Flight,Ind,6-1-1,33,
1606,20,NR,Yale,Ind,6-0,23,W 13-0 H Brown
1607,NR,10,Illinois,Big Ten,,0,
1608,NR,12,Wake Forest,Southern,,0,
1609,1,1,Army (65.33),Ind,8-0,889,W 62-7 A Penn
1610,2,3,Navy (5),Ind,6-2,761,
1611,3,4,Ohio State (5),Big Ten,8-0,726,
1612,4,2,Randolph Field (11.33),Ind,8-0,690,
1613,5,6,Bainbridge Naval (4.33),Ind,8-0,412,
1614,6,5,Michigan,Big Ten,8-1,392,
1615,7,7,Iowa Pre-Flight (2),Ind,9-1,316,
1616,8,12,USC (1),Pacific Coast,6-0-2,242,
1617,9,8,March Field/4th AF (3),Ind,7-0-1,184,
1618,10,9,Georgia Tech,SEC,7-1,141,
1619,11,10,Duke (1),Southern,4-4,124,
1620,12,13,Great Lakes Naval,Ind,7-1,79,
1621,13,NR,Alabama,SEC,4-1-2,71,
1622,14,NR,Camp Peary,Ind,6-1,63,
1623,15,17,Tennessee,SEC,6-0-1,62,
1624,16,15,El Toro Marines,Ind,6-1,53,
1625,17,18,Norman Pre-Flight,Ind,6-0,45,
1626,18,11,Notre Dame,Ind,6-2,40,
1627,19,NR,2nd Air Force,Ind,8-2,31,
1628,20,18,North Carolina Pre-Flight,Ind,6-2-1,22,
1629,NR,16,Mississippi State,SEC,,0,
1630,NR,14,Purdue,Big Ten,,0,
1631,NR,20,Yale,Ind,,0,
1632,1,1,Army (55.33),Ind,8-0,737,DNP
1633,2,2,Navy (1),Ind,6-2,624,
1634,3,3,Ohio State (18),Big Ten,9-0,507,
1635,3,4,Randolph Field (5.33),Ind,9-0,507,
1636,5,5,Bainbridge Naval (11.33),Ind,9-0,362,
1637,6,7,Iowa Pre-Flight (1),Ind,10-1,271,
1638,7,8,USC,Pacific Coast,7-0-2,237,
1639,8,6,Michigan,Big Ten,8-2,232,
1640,9,18,Notre Dame,Ind,7-2,127,
1641,10,15,Tennessee,SEC,7-0-1,101,
1642,11,11,Duke,Southern,5-4,98,
1643,12,12,Great Lakes Naval,Ind,8-1,79,
1644,13,17,Norman Pre-Flight,Ind,6-0,54,
1645,14,9,March Field/4th AF,Ind,7-0-2,44,
1646,15,NR,Oklahoma State,MVC,7-1,33,W 28-6 N Oklahoma
1647,16,13,Alabama,SEC,5-1-2,26,
1648,17,14,Camp Peary,Ind,6-2,19,
1649,18,16,El Toro Marines,Ind,7-1,11,
1650,18,NR,Yale,Ind,7-0-1,11,T 6-6 H Virginia
1651,20,19,2nd Air Force,Ind,8-2-1,7,
1652,NR,10,Georgia Tech,SEC,,0,
1653,NR,20,North Carolina Pre-Flight,Ind,,0,
1654,1,1,Army (95),Ind,9-0,1165,W 23-7 N #2 Navy
1655,2,3,Ohio State (5),Big Ten,9-0,941,
1656,3,3,Randolph Field (17),Ind,9-0,886,
1657,4,2,Navy,Ind,6-3,713,L 23-7 N #1 Army
1658,5,5,Bainbridge Naval (3),Ind,10-0,543,
1659,6,6,Iowa Pre-Flight (1),Ind,10-1,451,
1660,7,7,USC,Pacific Coast,7-0-2,427,
1661,8,8,Michigan,Big Ten,8-2,388,
1662,9,9,Notre Dame,Ind,8-2,355,
1663,10,14,March Field/4th AF,Ind,7-0-2,154,
1664,11,11,Duke,Southern,6-4,149,
1665,12,10,Tennessee,SEC,7-0-1,132,
1666,13,NR,Georgia Tech,SEC,8-2,60,
1667,13,13,Norman Pre-Flight,Ind,6-0,60,
1668,15,NR,Illinois,Big Ten,5-4-1,57,
1669,16,18,El Toro Marines,Ind,7-1,35,
1670,17,12,Great Lakes Naval,Ind,8-2,33,
1671,18,NR,Fort Pierce Naval,Ind,8-0,32,
1672,19,NR,St. Mary's Pre-Flight,Ind,5-3,31,
1673,20,20,2nd Air Force,Ind,8-2-1,27,
1674,NR,16,Alabama,SEC,,0,
1675,NR,17,Camp Peary,Ind,,0,
1676,NR,15,Oklahoma State,MVC,7-1,0,DNP
1677,NR,18,Yale,Ind,,0,
1678,1,N/A,Army (86),Ind,2-0,1076,W 54-0 H Wake Forest
1679,2,N/A,Navy (14),Ind,2-0,955,
1680,3,N/A,Notre Dame (3),Ind,2-0,699,W 40-7 A Georgia Tech
1681,4,N/A,Ohio State (3),Big Ten,2-0,658,
1682,5,N/A,Minnesota (2),Big Ten,2-0,605,
1683,6,N/A,USC (1),Pacific Coast,3-0,435,
1684,7,N/A,Alabama,SEC,2-0,305,
1685,8,N/A,Indiana,Big Ten,2-0-1,216,W 6-0 A Illinois
1686,9,N/A,Michigan (1),Big Ten,3-1,185,
1687,10,N/A,Texas,Southwest,3-0,167,
1688,11,N/A,Penn,Ind,2-0,140,
1689,12,N/A,Holy Cross,Ind,2-0,118,W 21-0 A Yale
1690,13,N/A,Duke,Southern,2-1,82,
1691,14,N/A,Oklahoma State,MVC,2-0,74,W 31-7 A Denver
1692,15,N/A,Purdue,Big Ten,3-0,41,
1693,16,N/A,Tulsa,MVC,3-0,39,W 19-0 H Drake
1694,17,N/A,Texas A&M,Southwest,3-0,34,
1695,18,N/A,Tennessee,SEC,2-0,32,
1696,19,N/A,St. Mary's,Ind,3-0,22,
1697,20,N/A,Mississippi State,SEC,2-0,20,
1698,20,N/A,Virginia,Ind,3-0,20,
1699,1,1,Army (90),Ind,3-0,1035,W 28-7 N #9 Michigan
1700,2,2,Navy (14),Ind,3-0,803,
1701,3,3,Notre Dame,Ind,3-0,768,W 34-0 H Dartmouth
1702,4,4,Ohio State (1),Big Ten,3-0,655,
1703,5,5,Minnesota,Big Ten,3-0,581,
1704,6,7,Alabama,SEC,3-0,511,
1705,7,11,Penn,Ind,3-0,310,
1706,8,8,Indiana,Big Ten,3-0-1,292,W 54-14 H Nebraska
1707,9,15,Purdue,Big Ten,4-0,184,
1708,10,10,Texas,Southwest,4-0,117,
1709,11,19,St. Mary's,Ind,4-0,114,
1710,12,NR,Georgia,SEC,4-0,113,
1711,13,9,Michigan,Big Ten,3-2,94,
1712,14,6,USC,Pacific Coast,3-1,45,
1713,15,14,Oklahoma State,MVC,3-0,42,W 26-12 N SMU
1714,16,13,Duke,Southern,3-1,40,
1715,17,NR,Columbia,Ind,3-0,27,W 27-13 H Yale
1716,18,16,Tulsa,MVC,3-0,24,W 18-7 A Texas Tech
1717,19,12,Holy Cross,Ind,3-0,22,W 26-7 H Villanova
1718,20,20,Mississippi State,SEC,3-0,18,
1719,NR,18,Tennessee,SEC,,0,
1720,NR,17,Texas A&M,Southwest,,0,
1721,NR,20,Virginia,Ind,,0,
1722,1,1,Army (101),Ind,4-0,1108,W 55-13 H Melville PT Boats (RI)
1723,2,3,Notre Dame (4),Ind,4-0,860,W 39-9 A Pittsburgh
1724,3,2,Navy (5),Ind,4-0,803,
1725,4,9,Purdue,Big Ten,5-0,702,
1726,5,5,Minnesota (1),Big Ten,4-0,696,
1727,6,6,Alabama,SEC,4-0,668,
1728,7,7,Penn,Ind,3-0,339,
1729,8,8,Indiana,Big Ten,4-0-1,280,W 52-20 A Iowa
1730,9,10,Texas,Southwest,5-0,199,
1731,10,11,St. Mary's (1),Ind,5-0,119,
1732,11,17,Columbia,Ind,4-0,94,W 31-7 H Colgate
1733,12,4,Ohio State,Big Ten,3-1,59,
1734,13,NR,LSU,SEC,3-1,55,
1735,14,18,Tulsa,MVC,4-0,41,W 40-0 H Nevada
1736,15,19,Holy Cross,Ind,4-0,35,W 25-0 A Brown
1737,16,13,Michigan,Big Ten,3-2,33,
1738,17,15,Oklahoma State,MVC,4-0,31,W 46-6 A Utah
1739,18,20,Mississippi State,SEC,4-0,27,
1740,19,16,Duke,Southern,3-1,19,
1741,20,14,USC,Pacific Coast,4-1,18,
1742,NR,12,Georgia,SEC,,0,
1743,1,1,Army (91),Ind,5-0,1040,W 48-13 N #19 Duke
1744,2,2,Notre Dame (6),Ind,5-0,899,W 56-0 H Iowa
1745,3,3,Navy (3),Ind,5-0,796,
1746,4,6,Alabama (4),SEC,5-0,706,
1747,5,8,Indiana,Big Ten,5-0-1,457,W 7-2 H Tulsa
1748,6,12,Ohio State,Big Ten,4-1,317,
1749,7,7,Penn,Ind,3-1,254,
1750,8,10,St. Mary's (2),Ind,5-0,233,
1751,9,17,Oklahoma State,MVC,5-0,189,W 25-12 A TCU
1752,10,16,Michigan,Big Ten,4-2,154,
1753,11,15,Holy Cross,Ind,5-0,130,W 21-0 H Colgate
1754,12,11,Columbia,Ind,5-0,118,W 27-6 H Brown
1755,13,4,Purdue,Big Ten,5-1,85,
1756,14,NR,Oklahoma,Big 6,4-2,75,W 41-13 A Kansas State
1757,15,18,Mississippi State,SEC,4-0,60,
1758,16,5,Minnesota,Big Ten,4-1,53,
1759,17,13,LSU,SEC,4-1,39,
1760,18,19,Duke,Southern,3-2,28,
1761,18,NR,Washington,Pacific Coast,4-1,28,
1762,20,NR,Northwestern,Big Ten,2-2-1,24,
1763,NR,9,Texas,Southwest,,0,
1764,NR,14,Tulsa,MVC,,0,
1765,NR,20,USC,Pacific Coast,,0,
1766,1,1,Army (86),Ind,6-0,982,W 54-0 H Villanova
1767,2,2,Notre Dame (3),Ind,5-0-1,804,T 6-6 A #3 Navy
1768,3,4,Alabama (4),SEC,6-0,799,
1769,4,3,Navy (3),Ind,5-0-1,702,
1770,5,8,St. Mary's (2),Ind,6-0,486,
1771,6,5,Indiana (3),Big Ten,6-0-1,445,W 46-6 H Cornell College
1772,7,10,Michigan,Big Ten,5-2,346,
1773,8,6,Ohio State,Big Ten,5-1,280,
1774,9,7,Penn,Ind,4-1,218,
1775,10,12,Columbia,Ind,6-0,167,W 34-26 H Cornell
1776,11,9,Oklahoma State,MVC,5-0,109,DNP
1777,12,13,Purdue,Big Ten,6-1,99,
1778,13,11,Holy Cross,Ind,6-0,62,W 20-6 H New London Submarine Base
1779,14,17,LSU,SEC,5-1,42,
1780,15,NR,Virginia,Ind,5-0,24,
1781,16,18,Duke,Southern,4-2,18,
1782,17,NR,Texas,Southwest,6-1,15,
1783,18,18,Washington,Pacific Coast,5-1,7,
1784,19,NR,Tulsa,MVC,4-1,6,L 7-2 A Indiana
1785,20,16,Minnesota,Big Ten,4-2,5,
1786,NR,15,Mississippi State,SEC,,0,
1787,NR,20,Northwestern,Big Ten,,0,
1788,NR,14,Oklahoma,Big 6,4-3,0,L 13-7 H TCU
1789,1,1,Army (91),Ind,7-0,1036,W 48-0 N #2 Notre Dame
1790,2,4,Navy (5),Ind,6-0-1,879,
1791,3,3,Alabama (5),SEC,6-0,744,
1792,4,6,Indiana,Big Ten,7-0-1,661,W 49-0 A Minnesota
1793,5,5,St. Mary's (4),Ind,6-0,624,
1794,6,9,Penn,Ind,5-1,450,
1795,7,2,Notre Dame,Ind,5-1-1,418,L 48-0 N #1 Army
1796,8,11,Oklahoma State,MVC,6-0,320,W 12-6 H #19 Tulsa
1797,9,8,Ohio State,Big Ten,6-1,157,
1798,10,13,Holy Cross,Ind,7-0,118,W 39-6 H Coast Guard (CT)
1799,11,12,Purdue,Big Ten,7-1,81,
1800,12,NR,Penn State,Ind,5-1,55,
1801,13,15,Virginia,Ind,6-0,47,
1802,14,7,Michigan,Big Ten,5-3,30,
1803,14,NR,Oklahoma,Big 6,5-3,30,W 14-7 H Iowa State
1804,16,NR,Mississippi State,SEC,5-1,27,
1805,17,17,Texas,Southwest,7-1,26,
1806,18,NR,Tennessee,SEC,6-1,21,
1807,19,19,Tulsa,MVC,4-2,13,L 12-6 A Oklahoma State
1808,20,16,Duke,Southern,5-2,10,
1809,NR,10,Columbia,Ind,,0,
1810,NR,14,LSU,SEC,,0,
1811,NR,20,Minnesota,Big Ten,,0,
1812,NR,18,Washington,Pacific Coast,,0,
1813,1,1,Army (81),Ind,8-0,828,W 61-0 A #6 Penn
1814,2,2,Navy,Ind,7-0-1,700,
1815,3,3,Alabama (1),SEC,7-0,611,
1816,4,4,Indiana,Big Ten,8-0-1,539,W 19-0 A Pittsburgh
1817,5,7,Notre Dame,Ind,6-1-1,496,W 34-7 A Northwestern
1818,6,8,Oklahoma State,MVC,7-0,336,W 46-6 H Texas Tech
1819,7,9,Ohio State,Big Ten,7-1,239,
1820,8,14,Michigan,Big Ten,6-3,204,
1821,9,5,St. Mary's,Ind,6-1,133,
1822,10,17,Texas,Southwest,8-1,101,
1823,11,6,Penn,Ind,5-2,84,
1824,12,NR,UCLA (1),Pacific Coast,5-2,74,
1825,13,13,Virginia,Ind,7-0,60,
1826,14,18,Tennessee,SEC,6-1,36,
1827,15,20,Duke,Southern,5-2,35,
1828,16,NR,Missouri,Big 6,5-3,32,
1829,17,19,Tulsa,MVC,5-2,21,W 26-7 A Baylor
1830,18,11,Purdue,Big Ten,7-2,20,
1831,19,NR,LSU,SEC,6-2,16,
1832,20,16,Mississippi State,SEC,6-1,12,
1833,NR,10,Holy Cross,Ind,,0,
1834,NR,14,Oklahoma,Big 6,5-4,0,L 14-6 A Missouri
1835,NR,12,Penn State,Ind,,0,
1836,1,1,Army (80),Ind,8-0,809,DNP
1837,2,2,Navy,Ind,7-0-1,664,
1838,3,3,Alabama (1),SEC,8-0,629,
1839,4,4,Indiana (1),Big Ten,9-0-1,584,W 26-0 H Purdue
1840,5,5,Notre Dame,Ind,7-1-1,443,W 32-6 A Tulane
1841,6,6,Oklahoma State,MVC,8-0,358,W 47-0 A Oklahoma
1842,7,8,Michigan,Big Ten,7-3,280,
1843,8,11,Penn,Ind,6-2,231,
1844,9,9,St. Mary's,Ind,7-1,221,
1845,10,10,Texas,Southwest,8-1,96,
1846,11,15,Duke,Southern,6-2,65,
1847,12,7,Ohio State,Big Ten,7-2,33,
1848,13,NR,Holy Cross,Ind,8-1,29,W 46-0 A Boston College
1849,14,16,Missouri,Big 6,6-3,25,
1850,14,17,Tulsa,MVC,6-2,25,W 45-13 H Arkansas
1851,16,NR,USC,Pacific Coast,6-3,22,
1852,17,14,Tennessee,SEC,7-1,21,
1853,18,NR,Clemson,Southern,6-2-1,16,
1854,19,NR,Columbia,Ind,8-1,12,W 21-0 H Dartmouth
1855,20,13,Virginia,Ind,7-1,8,
1856,NR,19,LSU,SEC,,0,
1857,NR,20,Mississippi State,SEC,,0,
1858,NR,18,Purdue,Big Ten,,0,
1859,NR,12,UCLA,Pacific Coast,,0,
1860,1,1,Army (115),Ind,9-0,1159,W 32-13 N #2 Navy
1861,2,3,Alabama (1),SEC,9-0,942,
1862,3,2,Navy,Ind,7-1-1,941,L 32-13 N #1 Army
1863,4,4,Indiana,Big Ten,9-0-1,720,DNP
1864,5,6,Oklahoma State,MVC,8-0,651,DNP
1865,6,7,Michigan,Big Ten,7-3,378,
1866,7,9,St. Mary's,Ind,7-1,320,
1867,8,8,Penn,Ind,6-2,218,
1868,9,5,Notre Dame,Ind,7-2-1,217,L 39-7 A Great Lakes Naval (IL)
1869,10,10,Texas,Southwest,9-1,163,
1870,11,16,USC,Pacific Coast,7-3,121,
1871,12,12,Ohio State,Big Ten,7-2,82,
1872,13,11,Duke,Southern,6-2,74,
1873,14,17,Tennessee,SEC,8-1,73,
1874,15,NR,LSU,SEC,7-2,62,
1875,16,13,Holy Cross,Ind,8-1,56,DNP
1876,17,14,Tulsa,MVC,7-2,35,W 20-18 H Hondo AAF
1877,18,NR,Georgia,SEC,8-2,29,
1878,19,NR,Wake Forest,Southern,4-3-1,11,W 13-6 A Clemson
1879,20,19,Columbia,Ind,8-1,10,DNP
1880,NR,18,Clemson,Southern,,0,
1881,NR,14,Missouri,Big 6,,0,
1882,NR,20,Virginia,Ind,,0,
1883,1,N/A,Texas (69.33),Southwest,3-0,999.33,W 54-6 H Oklahoma State
1884,2,N/A,Army (21.33),Ind,3-0,928.33,W 46-21 H Cornell
1885,3,N/A,Notre Dame (15.33),Ind,1-0,913.33,
1886,4,N/A,Michigan,Big Ten,2-0,632,
1887,5,N/A,UCLA (1),Pacific Coast,2-0,401,
1888,6,N/A,Alabama,SEC,3-0,352,
1889,7,N/A,Penn (1),Ind,1-0,254.33,
1890,8,N/A,Georgia,SEC,2-0,247,
1891,8,N/A,Tennessee,SEC,2-0,247,
1892,10,N/A,Northwestern,Big Ten,2-0,177,
1893,11,N/A,Columbia,Ind,2-0,146,W 23-14 H Navy
1894,12,N/A,Illinois,Big Ten,2-1,119,
1895,13,N/A,LSU,SEC,2-0,94,
1896,14,N/A,Ohio State,Big Ten,1-0,77.33,
1897,15,N/A,Yale,Ind,2-0,47,W 27-6 H Colgate
1898,16,N/A,St. Mary's,Ind,2-0,45,
1899,17,N/A,Stanford,Pacific Coast,2-0,38,
1900,18,N/A,Arkansas,Southwest,2-0-1,23,
1901,19,N/A,Kentucky,SEC,3-0,17,
1902,19,N/A,NC State,Southern,2-0,17,
1903,1,2,Army (63),Ind,4-0,1267.5,W 20-13 A #4 Michigan
1904,2,3,Notre Dame (31),Ind,2-0,1193.5,
1905,3,1,Texas (38),Southwest,4-0,1170,W 20-13 N Oklahoma
1906,4,5,UCLA (5),Pacific Coast,3-0,763,
1907,5,4,Michigan,Big Ten,2-1,542,
1908,6,7,Penn (2),Ind,2-0,502,
1909,7,6,Alabama,SEC,4-0,470,
1910,8,8,Georgia,SEC,3-0,356,
1911,9,8,Tennessee,SEC,3-0,336,
1912,10,10,Northwestern,Big Ten,3-0,203.5,
1913,11,11,Columbia,Ind,3-0,189.5,W 28-20 A Yale
1914,12,13,LSU,SEC,3-0,125,
1915,13,NR,Oklahoma,Big 6,1-2,109,L 20-13 N #1 Texas
1916,14,18,Arkansas,Southwest,3-0-1,25,
1917,15,NR,North Carolina,Southern,2-0-1,23,
1918,16,NR,Rice,Southwest,2-1,19,
1919,17,NR,Duke,Southern,1-2,15,
1920,18,NR,Indiana,Big Ten,2-2,12,W 14-7 H Illinois
1921,19,NR,William & Mary,Southern,3-1,11,W 49-0 H Virginia Tech
1922,20,NR,Tulsa,MVC,4-0,10,W 21-6 H Texas Tech
1923,20,NR,Wisconsin,Big Ten,3-1,10,
1924,NR,12,Illinois,Big Ten,,0,
1925,NR,19,Kentucky,SEC,,0,
1926,NR,19,NC State,Southern,,0,
1927,NR,14,Ohio State,Big Ten,,0,
1928,NR,16,St. Mary's,Ind,,0,
1929,NR,17,Stanford,Pacific Coast,,0,
1930,NR,15,Yale,Ind,,0,
1931,1,1,Army (112.25),Ind,5-0,1499.5,W 48-14 H #11 Columbia
1932,2,2,Notre Dame (21.25),Ind,3-0,1331.5,
1933,3,3,Texas (13.25),Southwest,5-0,1262.5,
1934,4,9,Tennessee (6),SEC,4-0,898,
1935,5,4,UCLA (2),Pacific Coast,4-0,800,
1936,6,6,Penn (0.25),Ind,3-0,699.5,
1937,7,8,Georgia,SEC,4-0,548,
1938,8,5,Michigan,Big Ten,2-1-1,418,
1939,8,10,Northwestern,Big Ten,3-0-1,418,
1940,10,15,North Carolina,Southern,3-0-1,110,
1941,11,7,Alabama,SEC,4-1,76,
1942,12,NR,NC State,Southern,4-0,62,
1943,13,17,Duke,Southern,2-2,59,
1944,14,13,Oklahoma,Big 6,2-2,55,W 28-7 H Kansas State
1945,15,NR,Georgia Tech,SEC,3-1,53,
1946,16,16,Rice,Southwest,3-1,43,
1947,17,NR,Iowa,Big Ten,4-1,42,
1948,18,19,William & Mary,Southern,4-1,14,W 34-18 A Washington & Lee
1949,19,NR,Oregon,Pacific Coast,3-0-1,12,
1950,20,NR,Harvard,Ind,4-0,11,W 69-0 H Coast Guard (CT)
1951,NR,14,Arkansas,Southwest,,0,
1952,NR,11,Columbia,Ind,,0,
1953,NR,18,Indiana,Big Ten,,0,
1954,NR,12,LSU,SEC,,0,
1955,NR,20,Tulsa,MVC,,0,
1956,NR,20,Wisconsin,Big Ten,,0,
1957,1,1,Army (104),Ind,6-0,1647,W 19-0 N #13 Duke
1958,2,2,Notre Dame (61),Ind,4-0,1578,
1959,3,6,Penn (4),Ind,4-0,1100,
1960,4,5,UCLA (1),Pacific Coast,5-0,1018,
1961,5,7,Georgia (1),SEC,5-0,935,
1962,6,8,Northwestern,Big Ten,4-0-1,659,
1963,7,3,Texas,Southwest,5-1,500.8,
1964,8,16,Rice,Southwest,4-1,465.8,
1965,9,10,North Carolina,Southern,4-0-1,281,
1966,10,4,Tennessee,SEC,4-1,191,
1967,11,NR,Illinois,Big Ten,4-2,126,
1968,12,NR,Wake Forest,Southern,4-1,101.8,W 19-6 A Tennessee
1969,13,8,Michigan,Big Ten,2-2-1,90.8,
1970,14,14,Oklahoma,Big 6,3-2,85.8,W 63-0 A Iowa State
1971,15,11,Alabama,SEC,5-1,83.8,
1972,16,15,Georgia Tech,SEC,4-1,79.8,
1973,17,20,Harvard (1),Ind,5-0,66,W 13-6 H Holy Cross (MA)
1974,18,NR,Wisconsin,Big Ten,3-2,60,
1975,19,13,Duke,Southern,2-3,40,
1976,20,NR,Indiana,Big Ten,3-3,34,W 27-7 A Nebraska
1977,NR,17,Iowa,Big Ten,,0,
1978,NR,12,NC State,Southern,,0,
1979,NR,19,Oregon,Pacific Coast,,0,
1980,NR,18,William & Mary,Southern,,0,
1981,1,1,Army (64),Ind,7-0,1176,W 19-0 H West Virginia
1982,2,2,Notre Dame (51),Ind,5-0,1140,
1983,3,5,Georgia (6),SEC,6-0,920,
1984,4,4,UCLA (3),Pacific Coast,6-0,827,
1985,5,8,Rice,Southwest,5-1,489,
1986,6,7,Texas,Southwest,6-1,471,
1987,7,10,Tennessee,SEC,5-1,411,
1988,8,16,Georgia Tech,SEC,5-1,237,
1989,9,3,Penn,Ind,4-1,199,
1990,10,11,Illinois,Big Ten,5-2,159,
1991,11,13,Michigan,Big Ten,3-2-1,149,
1992,12,NR,Ohio State,Big Ten,3-1-2,85,
1993,13,12,Wake Forest,Southern,5-1,71,W 32-14 A Chattanooga
1994,14,NR,USC,Pacific Coast,4-2,68,
1995,15,18,Wisconsin,Big Ten,4-2,67,
1996,16,14,Oklahoma,Big 6,4-2,65,W 14-12 A TCU
1997,17,9,North Carolina,Southern,4-1-1,50,
1998,17,6,Northwestern,Big Ten,4-1-1,50,
1999,19,NR,LSU,SEC,5-1,39,
2000,20,NR,NC State,Southern,5-1,31,
2001,NR,15,Alabama,SEC,,0,
2002,NR,19,Duke,Southern,,0,
2003,NR,17,Harvard,Ind,,0,
2004,NR,20,Indiana,Big Ten,,0,
2005,1,1,Army (75),Ind,7-0-1,1300.5,T 0-0 N #2 Notre Dame
2006,2,2,Notre Dame (49),Ind,5-0-1,1266.5,T 0-0 N #1 Army
2007,3,3,Georgia (12),SEC,7-0,1061.5,
2008,4,4,UCLA (7),Pacific Coast,7-0,961.5,
2009,5,9,Penn,Ind,5-1,646,
2010,6,6,Texas,Southwest,7-1,531,
2011,7,8,Georgia Tech,SEC,6-1,350,
2012,8,7,Tennessee,SEC,6-1,315,
2013,9,10,Illinois,Big Ten,5-2,224,
2014,10,11,Michigan,Big Ten,4-2-1,212.5,
2015,11,19,LSU,SEC,6-1,149.5,
2016,12,14,USC,Pacific Coast,5-2,96,
2017,13,12,Ohio State,Big Ten,4-1-2,93,
2018,14,5,Rice,Southwest,5-2,86.5,
2019,15,17,North Carolina,Southern,5-1-1,75,
2020,16,NR,Iowa,Big Ten,5-3,60,
2021,17,NR,Arkansas,Southwest,5-2-1,48,
2022,18,NR,Yale,Ind,5-1-1,42,W 49-0 H Brown
2023,19,NR,Holy Cross,Ind,3-4,36,W 21-6 H Colgate
2024,20,NR,Duke,Southern,3-4,27,
2025,NR,20,NC State,Southern,,0,
2026,NR,17,Northwestern,Big Ten,,0,
2027,NR,16,Oklahoma,Big 6,4-3,0,L 16-13 A Kansas
2028,NR,13,Wake Forest,Southern,,0,
2029,NR,15,Wisconsin,Big Ten,,0,
2030,1,1,Army (58),Ind,8-0-1,1053,W 34-7 A #5 Penn
2031,2,2,Notre Dame (16),Ind,6-0-1,1003,
2032,3,3,Georgia (8),SEC,8-0,835,
2033,4,4,UCLA (5),Pacific Coast,8-0,760,
2034,5,9,Illinois,Big Ten,6-2,527,
2035,6,7,Georgia Tech,SEC,7-1,425,
2036,7,8,Tennessee,SEC,7-1,328,
2037,8,10,Michigan,Big Ten,5-2-1,267,
2038,9,11,LSU,SEC,7-1,139,
2039,10,12,USC,Pacific Coast,5-2,107,
2040,11,17,Arkansas,Southwest,6-2-1,99,
2041,12,14,Rice,Southwest,6-2,98,
2042,13,5,Penn,Ind,5-2,70,
2043,14,15,North Carolina,Southern,6-1-1,60,
2044,15,18,Yale,Ind,6-1-1,43,W 30-2 H Princeton
2045,16,NR,Delaware,MDC,8-0,31,W 61-0 H Washington (MD)
2046,17,6,Texas,Southwest,7-2,27,
2047,18,NR,Oklahoma,Big 6,6-2,20,W 27-6 H Missouri
2048,19,NR,Muhlenberg,Other,8-0,19,
2049,19,NR,Tulsa,MVC,8-1,19,W 17-0 H Baylor
2050,NR,20,Duke,Southern,,0,
2051,NR,19,Holy Cross,Ind,,0,
2052,NR,16,Iowa,Big Ten,,0,
2053,NR,13,Ohio State,Big Ten,,0,
2054,1,1,Army (72),Ind,8-0-1,1173,DNP
2055,2,2,Notre Dame (38),Ind,7-0-1,1144,
2056,3,3,Georgia (5),SEC,9-0,902,
2057,4,4,UCLA (5),Pacific Coast,9-0,838,
2058,5,5,Illinois,Big Ten,7-2,590,
2059,6,8,Michigan,Big Ten,6-2-1,510,
2060,7,6,Georgia Tech (1),SEC,8-1,452,
2061,8,7,Tennessee (1),SEC,8-1,356,
2062,9,9,LSU,SEC,8-1,155,
2063,10,11,Arkansas,Southwest,6-2-1,95,
2064,11,14,North Carolina,Southern,7-1-1,94,
2065,12,15,Yale,Ind,7-1-1,80,W 27-14 A Harvard
2066,13,12,Rice,Southwest,7-2,76,
2067,14,13,Penn,Ind,5-2,75,
2068,15,16,Delaware (2),MDC,9-0,47,W 20-12 H Muhlenberg
2069,16,10,USC,Pacific Coast,5-3,37,
2070,17,NR,Boston College,Ind,6-2,20,
2071,17,18,Oklahoma,Big 6,6-3,20,W 27-6 H Nebraska
2072,19,NR,Mississippi State,SEC,8-1,19,
2073,20,17,Texas,Southwest,7-2,18,
2074,NR,19,Muhlenberg,Other,,0,
2075,NR,19,Tulsa,MVC,,0,
2076,1,2,Notre Dame (104.5),Ind,8-0-1,1730.5,W 26-6 H #16 USC
2077,2,1,Army (52.5),Ind,9-0-1,1659.5,W 21-18 N Navy
2078,3,3,Georgia (23),SEC,10-0,1448,
2079,4,4,UCLA (2),Pacific Coast,10-0,1141,
2080,5,5,Illinois,Big Ten,7-2,893,
2081,6,6,Michigan,Big Ten,6-2-1,778,
2082,7,8,Tennessee,SEC,9-1,507,
2083,8,9,LSU,SEC,9-1,402,
2084,9,11,North Carolina,Southern,8-1-1,394,
2085,10,13,Rice,Southwest,8-2,207,
2086,11,7,Georgia Tech,SEC,8-2,120,
2087,12,12,Yale,Ind,7-1-1,92,DNP
2088,13,14,Penn,Ind,6-2,84,
2089,14,17,Oklahoma,Big 6,7-3,76,W 73-12 A Oklahoma State
2090,15,20,Texas (1),Southwest,8-2,68,
2091,16,10,Arkansas,Southwest,6-3-1,64,
2092,17,NR,Tulsa,MVC,9-1,52,W 14-13 H Arkansas
2093,18,NR,NC State,Southern,8-2,43,
2094,19,15,Delaware,MDC,9-0,36,DNP
2095,20,NR,Indiana (1),Big Ten,6-3,25,DNP
2096,NR,16,USC,Pacific Coast,,22,
2097,NR,NR,Oregon State,Pacific Coast,,20,
2098,NR,NR,Wake Forest,Southern,,11,
2099,NR,NR,Duke,Southern,,9,
2100,NR,NR,Navy,Ind,,9,
2101,NR,NR,Hardin-Simmons,Other,,8,
2102,NR,19,Mississippi State,SEC,,6,
2103,NR,NR,Northwestern,Big Ten,,5,
2104,NR,NR,St. Norbert,Other,8-0,4,DNP
2105,NR,NR,Kentucky,SEC,,3,
2106,NR,NR,Rutgers,Other,,3,
2107,NR,NR,Holy Cross,Other,,2,
2108,NR,NR,Catawba,Other,,1,
2109,NR,NR,Kansas,Big 6,,1,
2110,NR,NR,Missouri Valley,Other,,1,
2111,NR,NR,St. Bonaventure,Other,,1,
2112,NR,NR,William & Mary,Other,,1,
2113,NR,17,Boston College,Ind,,0,
2114,1,N/A,Notre Dame (52),Ind,1-0,933,W 40-6 A Pittsburgh
2115,2,N/A,Michigan (29),Big Ten,2-0,857,
2116,3,N/A,Texas (15),Southwest,3-0,790,
2117,4,N/A,Georgia Tech (3),SEC,2-0,542,
2118,5,N/A,Army (1),Ind,2-0,533,
2119,6,N/A,Illinois,Big Ten,2-0,454,
2120,7,N/A,Penn,Ind,1-0,295,
2121,8,N/A,California (1),Pacific Coast,3-0,282,
2122,9,N/A,Georgia,SEC,2-1,178,
2123,10,N/A,Vanderbilt,SEC,2-0,152,W 14-7 H Alabama
2124,11,N/A,Columbia,Ind,2-0,103,W 13-6 A Navy
2125,12,N/A,Penn State (1),Ind,2-0,102,
2126,13,N/A,Duke,Southern,2-0,89,
2127,14,N/A,Yale,Ind,2-0,86,W 14-0 H Cornell
2128,15,N/A,Oklahoma,Big 6,2-0,77,W 26-14 H Texas A&M
2129,16,N/A,Rice,Southwest,1-1-1,52,
2130,17,N/A,Minnesota (1),Big Ten,2-0,41,
2131,18,N/A,Mississippi,SEC,3-0,36,
2132,19,N/A,North Carolina,Southern,1-1,35,
2133,20,N/A,USC,Pacific Coast,1-0-1,26,
2134,1,2,Michigan (93),Big Ten,3-0,1258,W 69-0 H Pittsburgh
2135,2,1,Notre Dame (23),Ind,2-0,1103,W 22-7 A Purdue
2136,3,3,Texas (10),Southwest,4-0,996,
2137,4,8,California,Pacific Coast,4-0,674,
2138,5,4,Georgia Tech (1),SEC,3-0,623,
2139,6,6,Illinois (1),Big Ten,2-0-1,529,
2140,7,5,Army,Ind,2-0-1,476,
2141,8,7,Penn,Ind,2-0,395,
2142,9,12,Penn State,Ind,3-0,226,
2143,10,10,Vanderbilt,SEC,3-0,218,W 10-6 H Mississippi
2144,11,20,USC,Pacific Coast,2-0-1,107,
2145,12,14,Yale,Ind,3-0,104,W 17-7 A Columbia
2146,13,17,Minnesota (1),Big Ten,3-0,98,
2147,14,NR,Wake Forest (2),Southern,3-0,69,W 19-7 A North Carolina
2148,15,16,Rice,Southwest,1-1-1,66,
2149,16,NR,Virginia,Ind,3-0,57,
2150,17,13,Duke,Southern,2-0-1,42,
2151,18,NR,NC State,Southern,2-1,27,
2152,19,NR,UCLA,Pacific Coast,2-1,22,
2153,20,NR,Kentucky,SEC,3-1,19,
2154,NR,11,Columbia,Ind,,0,
2155,NR,9,Georgia,SEC,,0,
2156,NR,18,Mississippi,SEC,,0,
2157,NR,19,North Carolina,Southern,,0,
2158,NR,15,Oklahoma,Big 6,2-1,0,L 34-14 N #3 Texas
2159,1,1,Michigan (147),Big Ten,4-0,1790,W 49-21 A Northwestern
2160,2,2,Notre Dame (21),Ind,3-0,1553,W 31-0 H Nebraska
2161,3,3,Texas (10),Southwest,5-0,1351,
2162,4,4,California (1),Pacific Coast,5-0,969,
2163,5,6,Illinois,Big Ten,3-0-1,932,
2164,6,7,Army (2),Ind,3-0-1,806,
2165,7,5,Georgia Tech (2),SEC,4-0,801,
2166,8,8,Penn,Ind,3-0,707,
2167,9,9,Penn State (1),Ind,4-0,324,
2168,10,11,USC,Pacific Coast,3-0-1,311,
2169,11,14,Wake Forest,Southern,4-0,155,W 39-7 A George Washington
2170,12,NR,SMU,Southwest,4-0,114,
2171,13,16,Virginia,Ind,4-0,91,
2172,14,20,Kentucky,SEC,4-1,82,
2173,15,17,Duke,Southern,3-0-1,71,
2174,16,19,UCLA,Pacific Coast,3-1,58,
2175,17,NR,Baylor,Southwest,4-0,19,
2176,18,NR,LSU,SEC,3-1,18,
2177,19,10,Vanderbilt,SEC,3-1,14,L 14-0 H Kentucky
2178,20,NR,San Francisco,Ind,4-1,13,
2179,NR,13,Minnesota,Big Ten,,0,
2180,NR,18,NC State,Southern,,0,
2181,NR,15,Rice,Southwest,,0,
2182,NR,12,Yale,Ind,,0,
2183,1,2,Notre Dame (78),Ind,4-0,1734,W 21-0 H Iowa
2184,2,1,Michigan (69),Big Ten,5-0,1689,W 13-6 H Minnesota
2185,3,3,Texas (25),Southwest,6-0,1516,
2186,4,8,Penn (11),Ind,4-0,1165,
2187,5,10,USC (6),Pacific Coast,4-0-1,1133,
2188,6,7,Georgia Tech (2),SEC,5-0,957,
2189,7,9,Penn State (2),Ind,5-0,632,
2190,8,12,SMU,Southwest,5-0,558,
2191,9,15,Duke (2),Southern,4-0-1,252,
2192,10,6,Army,Ind,3-1-1,208,
2193,11,5,Illinois,Big Ten,3-1-1,206,
2194,12,13,Virginia,Ind,5-0,193,
2195,13,14,Kentucky,SEC,5-1,79,
2196,14,4,California,Pacific Coast,5-1,65,
2197,15,11,Wake Forest,Southern,4-1,61,L 13-6 H Duke
2198,16,NR,Purdue,Big Ten,3-2,45,
2199,17,18,LSU,SEC,4-1,35,
2200,18,NR,Alabama,SEC,4-2,33,
2201,19,16,UCLA,Pacific Coast,3-2,28,
2202,20,NR,Columbia,Ind,3-2,27,W 21-20 H Army
2203,NR,17,Baylor,Southwest,,0,
2204,NR,20,San Francisco,Ind,,0,
2205,NR,19,Vanderbilt,SEC,,0,
2206,1,1,Notre Dame (106),Ind,5-0,1731,W 27-0 N Navy
2207,2,2,Michigan (56),Big Ten,6-0,1661,
2208,3,8,SMU (7),Southwest,6-0,1187,
2209,4,4,Penn (8),Ind,5-0,1136,
2210,5,5,USC (2),Pacific Coast,5-0-1,1082,
2211,6,6,Georgia Tech (6),SEC,6-0,1041,
2212,7,7,Penn State (2),Ind,6-0,701,
2213,8,3,Texas,Southwest,6-1,553,
2214,9,10,Army,Ind,4-1-1,291,
2215,10,12,Virginia,Ind,6-0,248,
2216,11,11,Illinois,Big Ten,3-2-1,177,
2217,12,14,California,Pacific Coast,6-1,86,
2218,13,9,Duke,Southern,4-1-1,71,
2219,14,16,Purdue,Big Ten,4-2,66,
2220,15,NR,William & Mary,Southern,5-1,44,W 21-0 H Wake Forest
2221,16,18,Alabama,SEC,4-2,41,
2222,17,20,Columbia,Ind,4-2,27,W 22-0 A Cornell
2223,18,NR,North Carolina,Southern,4-2,18,
2224,19,NR,Wisconsin,Big Ten,4-1-1,17,
2225,20,NR,Yale,Ind,5-1,13,W 23-14 H Dartmouth
2226,NR,13,Kentucky,SEC,,0,
2227,NR,17,LSU,SEC,,0,
2228,NR,19,UCLA,Pacific Coast,,0,
2229,NR,15,Wake Forest,Southern,,0,
2230,1,1,Notre Dame (117),Ind,6-0,1612,W 27-7 H #9 Army
2231,2,2,Michigan (34),Big Ten,7-0,1528,
2232,3,4,Penn (7),Ind,6-0,1145,
2233,4,3,SMU (2),Southwest,7-0,1137,
2234,5,5,USC (5),Pacific Coast,6-0-1,995,
2235,6,6,Georgia Tech (1),SEC,7-0,826,
2236,7,8,Texas,Southwest,7-1,570,
2237,8,7,Penn State (3),Ind,7-0,539,
2238,9,19,Wisconsin,Big Ten,5-1-1,122,
2239,10,12,California,Pacific Coast,7-1,102,
2240,11,11,Illinois,Big Ten,4-2-1,97,
2241,12,15,William & Mary,Southern,6-1,85,W 28-20 H VMI
2242,13,9,Army,Ind,4-2-1,64,
2243,14,16,Alabama,SEC,5-2,61,
2244,15,NR,Mississippi,SEC,6-2,46,
2245,15,10,Virginia,Ind,6-1,46,
2246,17,NR,Missouri,Big 6,6-2,42,
2247,18,NR,Utah,MSAC,7-0,36,W 19-0 H Colorado State
2248,19,18,North Carolina,Southern,5-2,33,
2249,20,NR,Minnesota,Big Ten,5-2,32,
2250,NR,17,Columbia,Ind,,0,
2251,NR,13,Duke,Southern,,0,
2252,NR,14,Purdue,Big Ten,,0,
2253,NR,20,Yale,Ind,,0,
2254,1,2,Michigan (140),Big Ten,8-0,2341,W 40-6 A #9 Wisconsin
2255,2,1,Notre Dame (87),Ind,7-0,2261,W 26-19 A Northwestern
2256,3,4,SMU (9),Southwest,8-0,1801,
2257,4,5,USC (3),Pacific Coast,6-0-1,1522,
2258,5,8,Penn State (6),Ind,8-0,1371,
2259,6,3,Penn,Ind,6-0-1,1009,
2260,7,7,Texas,Southwest,8-1,953,
2261,8,14,Alabama,SEC,6-2,477,
2262,9,10,California,Pacific Coast,8-1,308,
2263,10,6,Georgia Tech,SEC,7-1,302,
2264,11,13,Army,Ind,4-2-2,277,
2265,12,11,Illinois,Big Ten,5-2-1,195,
2266,13,19,North Carolina (1),Southern,6-2,109,
2267,14,12,William & Mary,Southern,7-1,99,W 45-6 A Washington & Lee
2268,15,15,Mississippi,SEC,7-2,84,
2269,16,15,Virginia,Ind,7-1,66,
2270,17,NR,Kansas,Big 6,6-0-2,56,W 13-7 A Oklahoma State
2271,18,NR,UCLA,Pacific Coast,5-3,39,
2272,19,NR,Columbia,Ind,6-2,35,W 10-0 H Holy Cross (MA)
2273,20,NR,Rice,Southwest,4-3-1,32,
2274,NR,20,Minnesota,Big Ten,,0,
2275,NR,17,Missouri,Big 6,,0,
2276,NR,18,Utah,MSAC,,0,
2277,NR,9,Wisconsin,Big Ten,,0,
2278,1,2,Notre Dame (97),Ind,8-0,1798,W 59-6 H Tulane
2279,2,1,Michigan (81),Big Ten,9-0,1768,W 21-0 H Ohio State
2280,3,3,SMU (6),Southwest,9-0,1365,
2281,4,4,USC (3),Pacific Coast,7-0-1,1227,
2282,5,5,Penn State (1),Ind,9-0,1109,
2283,6,8,Alabama,SEC,7-2,798,
2284,7,7,Texas,Southwest,8-1,737,
2285,8,6,Penn,Ind,6-0-1,703,
2286,9,10,Georgia Tech,SEC,8-1,227,
2287,10,13,North Carolina (3),Southern,7-2,192,
2288,11,9,California,Pacific Coast,9-1,179,
2289,12,11,Army,Ind,4-2-2,114,
2290,13,17,Kansas,Big 6,7-0-2,94,W 20-14 H Missouri
2291,14,14,William & Mary,Southern,8-1,66,W 20-0 H Bowling Green
2292,15,15,Mississippi,SEC,7-2,48,
2293,16,19,Columbia (1),Ind,7-2,41,W 28-8 H Syracuse
2294,17,18,UCLA,Pacific Coast,5-4,32,
2295,18,20,Rice,Southwest,5-3-1,17,
2296,19,NR,Minnesota,Big Ten,6-3,15,
2297,20,NR,Oklahoma,Big 6,6-2-1,12,W 14-13 A Nebraska
2298,NR,12,Illinois,Big Ten,,0,
2299,NR,16,Virginia,Ind,,0,
